"Estimated migration by direction, age group and sex, 12/16-month rule (Annual-Dec)","","","","","","","","","","","","","","","","","","","","","","","","","","","","","","","","","","","","","","","","","","","","","","","","","","","","","","","","","","","","","","","","","","","","","","","","","","","","","","","","","","","","","","","","","","","","","","","","","","","","","","","","","","","","","","","","","","","","","","","","","","","","","","","","","","","","","","","","","","","","","","","","","","","","","","","","","","","","","","","","","","","","","","","","","","","","","","","","","","","","","","","","","","","","","","","","","","","","","","","","","","","","","","","","","","","","","","","","","","","","","","","","","","","","","","","","","","","","","","","","","","","","","","","","","","","","","","","","","",""
"","Net","","","","","","","","","","","","","","","","","","","","","","","","","","","","","","","","","","","","","","","","","","","","","","","","","","","","","","","","","","","","","","","","","","","","","","","","","","","","","","","","","","","","","","","","","","","","","","","","","","","","","","","","","","","","","","","","","","","","","","","","","","","","","","","","","","","","","","","","","","","","","","","","","","","","","","","","","","","","","","","","","","","","","","","","","","","","","","","","","","","","","","","","","","","","","","","","","","","","","","","","","","","","","","","","","","","","","","","","","","","","","","","","","","","","","","","","","","","","","","","","","","","","","","","","","","","","","","","","",""
" ","0 Years","","1 Years","","2 Years","","3 Years","","4 Years","","5 Years","","6 Years","","7 Years","","8 Years","","9 Years","","10 Years","","11 Years","","12 Years","","13 Years","","14 Years","","15 Years","","16 Years","","17 Years","","18 Years","","19 Years","","20 Years","","21 Years","","22 Years","","23 Years","","24 Years","","25 Years","","26 Years","","27 Years","","28 Years","","29 Years","","30 Years","","31 Years","","32 Years","","33 Years","","34 Years","","35 Years","","36 Years","","37 Years","","38 Years","","39 Years","","40 Years","","41 Years","","42 Years","","43 Years","","44 Years","","45 Years","","46 Years","","47 Years","","48 Years","","49 Years","","50 Years","","51 Years","","52 Years","","53 Years","","54 Years","","55 Years","","56 Years","","57 Years","","58 Years","","59 Years","","60 Years","","61 Years","","62 Years","","63 Years","","64 Years","","65 Years","","66 Years","","67 Years","","68 Years","","69 Years","","70 Years","","71 Years","","72 Years","","73 Years","","74 Years","","75 Years","","76 Years","","77 Years","","78 Years","","79 Years","","80 Years","","81 Years","","82 Years","","83 Years","","84 Years","","85 Years","","86 Years","","87 Years","","88 Years","","89 Years","","0-4 Years","","5-9 Years","","10-14 Years","","15-19 Years","","20-24 Years","","25-29 Years","","30-34 Years","","35-39 Years","","40-44 Years","","45-49 Years","","50-54 Years","","55-59 Years","","60-64 Years","","65-69 Years","","70-74 Years","","75-79 Years","","80-84 Years","","85-89 Years","","Under 15 Years","","Under 16 Years","","Under 18 Years","","Under 20 Years","","15-39 Years","","15-49 Years","","15-59 Years","","40-64 Years","","15-64 Years","","15 Years and Over","","16 Years and Over","","18 Years and Over","","20 Years and Over","","60 Years and Over","","65 Years and Over","","75 Years and Over","","80 Years and over","","85 Years and Over","","90 Years and over","","Median Age (Years)","","Total All Ages",""
" ","Female","Male","Female","Male","Female","Male","Female","Male","Female","Male","Female","Male","Female","Male","Female","Male","Female","Male","Female","Male","Female","Male","Female","Male","Female","Male","Female","Male","Female","Male","Female","Male","Female","Male","Female","Male","Female","Male","Female","Male","Female","Male","Female","Male","Female","Male","Female","Male","Female","Male","Female","Male","Female","Male","Female","Male","Female","Male","Female","Male","Female","Male","Female","Male","Female","Male","Female","Male","Female","Male","Female","Male","Female","Male","Female","Male","Female","Male","Female","Male","Female","Male","Female","Male","Female","Male","Female","Male","Female","Male","Female","Male","Female","Male","Female","Male","Female","Male","Female","Male","Female","Male","Female","Male","Female","Male","Female","Male","Female","Male","Female","Male","Female","Male","Female","Male","Female","Male","Female","Male","Female","Male","Female","Male","Female","Male","Female","Male","Female","Male","Female","Male","Female","Male","Female","Male","Female","Male","Female","Male","Female","Male","Female","Male","Female","Male","Female","Male","Female","Male","Female","Male","Female","Male","Female","Male","Female","Male","Female","Male","Female","Male","Female","Male","Female","Male","Female","Male","Female","Male","Female","Male","Female","Male","Female","Male","Female","Male","Female","Male","Female","Male","Female","Male","Female","Male","Female","Male","Female","Male","Female","Male","Female","Male","Female","Male","Female","Male","Female","Male","Female","Male","Female","Male","Female","Male","Female","Male","Female","Male","Female","Male","Female","Male","Female","Male","Female","Male","Female","Male","Female","Male","Female","Male","Female","Male","Female","Male","Female","Male","Female","Male","Female","Male","Female","Male","Female","Male","Female","Male","Female","Male","Female","Male","Female","Male","Female","Male","Female","Male","Female","Male","Female","Male","Female","Male","Female","Male"
" ","Estimate","Estimate","Estimate","Estimate","Estimate","Estimate","Estimate","Estimate","Estimate","Estimate","Estimate","Estimate","Estimate","Estimate","Estimate","Estimate","Estimate","Estimate","Estimate","Estimate","Estimate","Estimate","Estimate","Estimate","Estimate","Estimate","Estimate","Estimate","Estimate","Estimate","Estimate","Estimate","Estimate","Estimate","Estimate","Estimate","Estimate","Estimate","Estimate","Estimate","Estimate","Estimate","Estimate","Estimate","Estimate","Estimate","Estimate","Estimate","Estimate","Estimate","Estimate","Estimate","Estimate","Estimate","Estimate","Estimate","Estimate","Estimate","Estimate","Estimate","Estimate","Estimate","Estimate","Estimate","Estimate","Estimate","Estimate","Estimate","Estimate","Estimate","Estimate","Estimate","Estimate","Estimate","Estimate","Estimate","Estimate","Estimate","Estimate","Estimate","Estimate","Estimate","Estimate","Estimate","Estimate","Estimate","Estimate","Estimate","Estimate","Estimate","Estimate","Estimate","Estimate","Estimate","Estimate","Estimate","Estimate","Estimate","Estimate","Estimate","Estimate","Estimate","Estimate","Estimate","Estimate","Estimate","Estimate","Estimate","Estimate","Estimate","Estimate","Estimate","Estimate","Estimate","Estimate","Estimate","Estimate","Estimate","Estimate","Estimate","Estimate","Estimate","Estimate","Estimate","Estimate","Estimate","Estimate","Estimate","Estimate","Estimate","Estimate","Estimate","Estimate","Estimate","Estimate","Estimate","Estimate","Estimate","Estimate","Estimate","Estimate","Estimate","Estimate","Estimate","Estimate","Estimate","Estimate","Estimate","Estimate","Estimate","Estimate","Estimate","Estimate","Estimate","Estimate","Estimate","Estimate","Estimate","Estimate","Estimate","Estimate","Estimate","Estimate","Estimate","Estimate","Estimate","Estimate","Estimate","Estimate","Estimate","Estimate","Estimate","Estimate","Estimate","Estimate","Estimate","Estimate","Estimate","Estimate","Estimate","Estimate","Estimate","Estimate","Estimate","Estimate","Estimate","Estimate","Estimate","Estimate","Estimate","Estimate","Estimate","Estimate","Estimate","Estimate","Estimate","Estimate","Estimate","Estimate","Estimate","Estimate","Estimate","Estimate","Estimate","Estimate","Estimate","Estimate","Estimate","Estimate","Estimate","Estimate","Estimate","Estimate","Estimate","Estimate","Estimate","Estimate","Estimate","Estimate","Estimate","Estimate","Estimate","Estimate","Estimate","Estimate","Estimate","Estimate","Estimate","Estimate","Estimate","Estimate","Estimate","Estimate","Estimate","Estimate","Estimate","Estimate","Estimate","Estimate","Estimate","Estimate","Estimate","Estimate","Estimate","Estimate","Estimate","Estimate","Estimate","Estimate","Estimate","Estimate","Estimate","Estimate","Estimate","Estimate","Estimate","Estimate","Estimate"
2001,-279,-284,161,139,117,135,167,196,186,187,228,195,213,240,199,214,186,236,326,311,268,351,307,414,319,271,327,371,394,446,560,635,620,730,913,1015,1334,1426,965,1191,512,628,101,134,-163,-40,-91,-209,-108,-183,34,-36,294,85,355,94,591,438,617,551,528,561,368,336,333,285,232,376,311,249,309,294,364,270,320,233,357,258,270,244,181,251,306,212,218,178,84,176,132,199,55,155,44,89,21,71,36,53,-19,26,-25,21,3,9,-11,49,22,15,10,10,56,8,65,49,16,33,48,45,74,35,66,54,56,34,72,71,54,51,76,47,6,24,61,12,39,38,-6,26,44,15,8,23,46,27,14,18,21,10,-7,1,28,12,9,18,23,-2,14,11,12,14,23,9,12,0,12,7,-2,-5,9,5,4,-1,0,1,6,1,-1,5,1,-6,352,373,1152,1196,1615,1853,4392,4997,251,330,1891,1132,1772,1807,1620,1299,921,1016,137,394,-1,104,259,170,324,257,144,115,82,79,86,53,54,16,10,0,3119,3422,3679,4057,5212,5802,7511,8419,9926,9565,10984,10975,11242,11249,1640,1941,11566,11506,11945,11779,11385,11144,9852,9399,7553,6782,703,530,379,273,153,79,67,26,13,10,3,10,"..","..",15064,15201
2002,-146,-199,260,296,335,363,363,377,473,394,423,452,394,493,372,455,473,551,456,562,555,581,502,536,467,574,516,574,541,610,719,880,745,772,1168,1287,1568,1962,1457,1907,1026,1200,374,504,308,543,259,476,313,347,544,390,586,528,854,627,979,879,1068,985,1044,1043,924,877,644,610,790,674,792,704,723,602,582,480,620,535,660,602,561,476,510,507,439,449,333,414,253,361,265,327,248,278,171,309,165,235,90,192,92,151,37,151,63,95,67,61,57,38,64,137,68,69,102,57,61,72,73,24,49,71,77,119,60,67,65,46,123,83,114,89,0,55,42,59,24,60,17,45,23,22,41,44,30,33,29,30,11,37,31,11,22,27,32,2,17,13,3,5,17,0,11,-2,9,3,22,1,17,-3,14,2,-1,7,0,4,1,1,1,3,9,6,1285,1231,2118,2513,2581,2875,5657,6808,2280,3070,4031,3409,4194,3908,3146,2695,1800,2058,766,1165,288,482,353,293,439,404,106,241,142,155,91,47,73,1,10,21,5984,6619,6703,7499,8616,9558,11641,13427,19308,19890,21874,23113,22515,23888,3646,4402,22954,24292,23409,24779,22690,23899,20777,21840,17752,17971,894,891,455,487,207,91,116,44,43,43,33,22,"..","..",29393,31398
2003,-204,-220,220,336,296,302,315,368,399,352,349,431,278,354,330,382,371,458,418,482,419,409,317,359,333,293,343,370,375,441,513,579,513,519,678,641,729,819,591,634,446,336,12,-44,-224,-116,-80,-153,190,-128,220,-2,632,297,786,441,942,668,1050,860,983,827,821,729,716,665,687,617,686,573,628,524,489,530,544,463,488,459,452,549,436,449,338,367,284,351,243,281,253,250,218,319,190,217,55,184,126,147,68,108,58,149,63,98,64,53,13,70,31,27,65,25,49,59,56,27,28,60,41,56,30,48,62,54,40,2,32,68,65,50,7,38,22,54,15,8,7,23,41,24,19,-1,17,-9,26,18,2,7,7,4,0,7,-10,18,10,13,0,2,16,12,24,-1,12,11,1,0,9,4,4,-2,-7,-1,5,9,2,3,4,5,0,4,1026,1138,1746,2107,1787,1872,3024,3192,344,-105,3630,2264,3893,3411,2601,2525,1554,1698,657,975,229,397,239,227,229,222,92,147,71,19,16,52,50,12,4,20,4559,5117,5072,5696,6263,6856,7583,8309,13492,11287,15703,13960,16171,14584,2908,3519,16400,14806,16658,15082,16145,14503,14954,13343,13634,11890,487,498,258,276,95,110,79,58,29,46,25,26,"..","..",21217,20199
2004,-283,-333,145,133,220,211,163,186,179,248,252,224,150,194,169,186,170,253,185,169,110,201,159,134,40,133,120,183,155,188,331,333,257,265,223,166,85,99,123,-53,-106,-388,-510,-581,-669,-690,-493,-727,-351,-720,-91,-509,215,-182,444,54,661,354,615,422,651,447,592,500,521,382,387,361,407,299,394,265,334,332,305,262,228,332,235,178,222,248,157,171,153,210,192,183,43,114,142,186,51,156,20,87,38,45,54,76,74,74,37,23,0,15,1,-19,-4,22,22,53,5,11,39,9,32,49,54,36,66,47,41,20,34,25,41,39,58,42,15,25,26,32,23,13,12,14,53,22,-25,1,-6,6,17,0,4,4,12,8,-1,18,8,-13,-3,15,12,9,13,7,5,2,4,9,19,5,8,3,7,-5,-8,5,6,4,4,5,-6,-1,-2,6,424,445,926,1026,584,839,1019,810,-2129,-3106,1844,139,2558,1989,1496,1369,767,926,305,550,108,115,152,158,240,173,129,106,2,19,29,36,43,14,-6,19,1934,2310,2265,2643,2745,3074,2953,3120,4788,1201,5860,2677,6120,2950,1572,1922,6360,3123,6565,3331,6234,2998,5754,2567,5546,2521,445,381,205,208,74,83,45,47,2,33,8,14,"..","..",8499,5641
2005,-203,-250,96,156,169,185,83,176,108,202,134,184,97,187,203,111,126,147,211,144,162,120,173,129,118,120,188,89,161,178,286,269,259,267,111,125,29,-65,73,-19,45,-164,-341,-544,-554,-777,-593,-685,-386,-544,-12,-402,85,-158,330,-98,429,274,537,291,502,469,492,411,436,303,371,264,435,348,304,322,264,342,248,247,197,239,164,247,183,198,139,198,154,172,94,76,78,148,74,65,67,114,13,56,69,-5,-9,43,-35,-13,6,-12,-1,-16,-12,12,-26,8,5,-8,65,-26,-8,-2,12,29,41,6,62,69,21,5,56,28,69,53,57,65,61,37,39,3,14,19,25,41,18,38,0,21,8,6,-1,-5,19,10,-7,17,15,-18,6,-4,9,-2,12,-7,9,7,-2,11,2,-1,4,1,-5,0,2,8,3,0,-2,-3,4,5,2,1,-2,-2,253,469,771,773,802,636,758,577,-1829,-2714,1369,-93,2236,1795,1177,1397,648,792,214,273,-68,-21,115,-1,265,220,157,138,19,49,51,-24,1,19,5,1,1826,1878,2112,2147,2482,2539,2584,2455,3711,962,4573,2027,4620,2005,1174,1263,4885,2225,5144,2418,4858,2149,4488,1757,4386,1841,524,413,259,193,83,6,32,30,31,11,26,10,"..","..",6970,4296
2006,-119,-143,104,129,216,208,158,145,227,165,220,218,188,188,180,215,178,204,232,226,262,352,187,253,183,213,199,198,227,231,332,300,332,244,55,172,39,43,63,192,144,-35,-296,-447,-617,-605,-439,-632,-353,-610,-25,-286,175,-37,472,89,543,381,568,369,652,442,417,383,435,275,369,394,410,310,460,299,373,260,238,297,230,335,209,250,245,209,272,234,195,166,152,193,114,172,56,41,57,47,9,56,46,0,-47,33,-43,-24,-25,-22,17,-51,18,-62,18,0,81,-17,60,23,49,-16,72,50,77,11,81,33,94,30,53,64,72,78,74,79,62,65,46,60,35,41,36,74,32,22,24,30,21,35,37,32,38,31,31,21,6,32,12,2,16,10,-6,4,22,6,21,9,9,12,2,7,0,9,1,-2,2,8,2,0,1,-2,-2,8,-3,0,586,504,998,1051,1058,1247,821,951,-1561,-2329,1733,516,2283,1804,1510,1441,978,974,121,177,-15,-159,339,51,374,284,211,262,151,149,50,54,33,35,0,14,2642,2802,2974,3102,3361,3518,3463,3753,4786,2383,5885,3534,6209,3426,1797,1327,6583,3710,7032,4237,6700,3937,6313,3521,6211,3286,823,811,449,527,87,116,37,62,4,27,4,13,"..","..",9674,7039
2007,-157,-170,34,99,98,152,123,67,161,163,211,163,51,102,193,164,164,150,136,212,97,200,140,157,82,106,202,138,199,170,241,249,243,182,170,188,73,211,173,289,124,90,-270,-203,-460,-434,-523,-549,-333,-484,-109,-579,88,-211,271,-13,465,114,408,307,516,405,404,314,334,197,314,361,272,245,308,203,369,325,220,147,197,227,177,206,136,172,144,187,130,88,86,70,-26,100,18,85,-16,-5,-25,-64,-39,-4,-14,-71,-58,-49,0,-41,-78,-61,-36,-1,39,-50,-10,-53,57,-27,31,-62,6,-34,35,26,75,26,83,70,88,26,74,29,55,65,36,68,26,42,25,31,30,43,47,14,29,-7,23,34,15,32,24,15,22,21,-3,13,20,21,4,10,37,11,-21,15,18,-4,-5,10,6,15,11,1,10,2,-1,13,7,4,5,8,8,-4,2,1,259,311,755,791,720,771,900,1119,-1462,-1580,1123,-382,1840,1522,1271,1108,470,617,-76,-59,-133,-202,119,-150,375,216,164,198,113,95,37,70,40,24,21,22,1734,1873,1975,2122,2388,2492,2634,2992,3672,1787,4066,2345,4052,1993,755,422,4427,2209,4804,2626,4563,2377,4150,2007,3904,1507,752,633,377,417,100,124,63,54,23,30,2,8,"..","..",6538,4499
2008,-193,-225,108,71,60,121,78,192,109,174,108,158,99,63,71,118,120,110,115,119,101,45,50,129,120,40,115,145,204,214,342,314,357,237,200,275,130,416,164,556,292,391,-134,33,-470,-118,-308,-278,-156,-364,-118,-354,262,-225,405,21,363,173,574,260,551,376,420,392,285,310,250,329,385,241,261,196,262,257,277,257,156,148,149,169,142,153,76,104,113,93,-9,30,-10,90,-24,-2,-36,8,-98,-55,-53,-41,-93,-144,-78,-57,-105,-108,-61,-66,-31,-30,-2,-30,5,-53,23,-80,3,-11,13,4,27,-11,84,9,38,34,63,20,43,4,52,39,29,45,57,39,32,25,21,45,36,18,6,3,16,11,12,28,14,-1,10,16,-6,-1,11,29,3,15,31,9,18,9,7,-11,16,9,10,1,5,-6,1,-13,8,-4,6,11,3,2,5,0,3,3,162,333,513,568,590,573,1193,1798,-776,-336,1486,-125,1891,1648,1105,1027,312,470,-304,-234,-277,-291,71,-151,280,106,175,172,58,57,57,61,39,-20,25,12,1265,1474,1607,1788,2164,2300,2458,3272,4899,4012,4907,4248,4701,3806,82,-100,4981,3912,5339,4193,4997,3879,4440,3367,4146,2395,638,387,358,281,125,52,68,-9,29,11,4,-1,"..","..",6604,5667
2009,-94,-142,52,113,205,182,148,227,148,201,198,144,52,50,107,142,81,168,130,157,165,205,108,131,179,107,166,189,248,221,352,340,361,410,257,285,248,491,405,637,355,445,33,204,-149,240,-45,4,158,40,212,52,263,-53,376,118,544,143,519,338,535,322,396,233,346,187,289,128,264,157,258,109,221,96,165,91,179,106,210,122,173,156,56,86,137,2,41,25,76,54,32,-4,-23,-75,9,-79,-41,28,-39,-34,-34,-22,-21,-23,-35,5,1,-28,11,53,67,-57,64,9,56,36,10,23,-6,8,34,64,92,85,64,61,84,108,80,90,75,50,51,63,61,24,22,45,26,44,24,43,35,44,15,23,11,11,-3,18,22,4,8,23,14,16,19,13,-18,3,-6,6,3,-2,-1,7,-5,3,-5,-3,5,11,-1,3,0,-2,5,2,-1,-1,459,581,568,661,866,853,1623,2163,352,933,1914,598,1830,1027,1033,524,483,323,-62,-164,-78,-15,191,19,354,408,235,226,82,139,45,59,-14,11,8,13,1893,2095,2245,2435,2863,3130,3516,4258,6752,5245,7173,5404,7286,5408,888,571,7640,5816,8008,6273,7656,5933,7038,5238,6385,4110,722,865,368,457,51,92,6,33,20,22,12,9,"..","..",9901,8368
2010,-333,-351,-6,50,-55,-73,-10,-20,34,-68,24,33,-1,-5,-20,37,9,51,33,-5,45,63,16,23,8,15,15,37,148,147,307,251,244,231,115,134,12,465,323,879,318,608,-168,88,-370,-76,-291,-296,-116,-351,19,-361,6,-473,73,-372,193,-202,286,-48,313,54,125,-21,128,-60,80,-42,114,0,136,-2,-16,-32,80,16,5,-88,-16,-77,30,-102,-6,-107,-61,-126,-92,-140,-23,-66,-93,-123,-109,-147,-97,-232,-116,-136,-117,-177,-55,-120,-70,-116,-58,-134,-18,-136,-16,-134,-33,-39,-37,-68,2,-13,27,-27,15,-28,62,60,29,33,26,12,56,38,77,64,72,71,33,37,21,20,12,35,20,15,5,16,-1,-16,21,8,0,-13,-6,20,-5,8,-6,16,8,2,-6,12,6,2,-6,-3,1,0,0,-1,-2,-2,0,-4,-9,-3,0,1,-5,3,6,2,7,-5,-370,-462,45,111,232,285,1001,1960,-627,-27,577,-1456,760,-69,189,-183,-152,-541,-532,-815,-217,-640,-26,-175,250,207,158,178,19,15,-3,40,-7,-10,-1,-2,-93,-66,214,185,573,550,908,1894,1900,225,1216,-1131,973,-1946,-677,-1964,1223,-1739,1397,-1515,1090,-1766,731,-2131,396,-3475,424,431,174,224,-3,31,0,-9,7,1,8,3,"..","..",1304,-1581
2011,-420,-511,-263,-238,-127,-165,-157,-170,-147,-149,-99,-182,-139,-188,-137,-154,-169,-158,-114,-115,-51,-125,-72,-187,-113,-99,-68,-47,-28,12,159,181,176,114,26,-24,-108,264,9,537,-38,63,-554,-471,-708,-583,-609,-654,-330,-579,-213,-569,-106,-543,-96,-561,-19,-354,133,-192,112,-119,105,-62,4,-90,-17,-49,-79,-61,-39,-163,-68,-48,-72,-174,-1,-207,-124,-118,-135,-167,-109,-160,-106,-201,-136,-194,-115,-174,-133,-229,-179,-209,-233,-230,-169,-269,-209,-202,-186,-250,-196,-251,-130,-202,-97,-183,-71,-164,-4,-123,-29,-87,31,-93,5,-24,28,-29,39,23,31,30,37,42,98,61,69,94,60,102,12,53,4,75,26,35,-7,7,16,16,1,5,22,-6,14,20,5,-13,12,4,-7,6,0,12,4,5,4,-5,-11,3,-5,-5,3,-3,-1,10,-12,-6,-10,0,-5,0,-8,5,-9,-2,-5,2,-1114,-1233,-658,-797,-332,-446,262,1072,-2239,-2224,-301,-2219,125,-381,-304,-710,-601,-896,-923,-1139,-680,-1050,31,-356,274,250,95,272,58,22,13,22,-26,-1,-37,5,-2104,-2476,-1945,-2295,-1743,-2205,-1842,-1404,-2457,-4462,-3981,-6497,-4630,-7903,-1899,-3191,-4356,-7653,-4242,-7322,-4401,-7503,-4603,-7593,-4504,-8394,388,581,114,331,-39,37,-52,15,-26,16,11,11,"..","..",-6346,-9798
2012,-326,-328,-230,-147,-116,-128,-187,-52,-166,-125,-115,-251,-162,-102,-113,-148,-97,-172,-77,-176,-93,-64,-108,-106,-105,-71,-82,-41,9,48,126,168,162,134,-24,5,-121,260,-41,298,-215,-31,-557,-441,-834,-666,-563,-662,-362,-701,78,-575,53,-213,119,-182,106,-159,296,23,230,34,134,28,48,-35,-79,57,126,17,-30,28,27,-65,-6,-22,-34,-30,-18,9,-66,-21,-79,-116,-59,-89,-134,-124,-76,-71,-183,-133,-153,-88,-140,-147,-214,-171,-161,-170,-157,-165,-115,-155,-132,-145,-102,-140,-61,-61,-12,-111,-42,-74,36,-54,25,-22,95,-16,48,78,73,8,85,57,99,74,91,100,43,81,32,82,27,91,29,11,12,19,15,-4,8,18,17,17,-3,33,-5,17,10,12,16,2,1,7,-6,-1,9,-6,1,6,7,9,9,-3,-10,2,0,-3,-9,9,-2,5,6,-1,-2,-2,2,-5,-1025,-780,-564,-849,-379,-234,102,865,-2531,-2501,652,-1106,459,101,-61,-80,-414,-421,-851,-709,-567,-666,102,-277,396,317,143,284,32,81,30,14,7,11,-5,6,-1968,-1863,-1842,-1695,-1704,-1556,-1866,-998,-1379,-2721,-2644,-3851,-3109,-4794,-1334,-1756,-2713,-4477,-2509,-4068,-2635,-4236,-2773,-4375,-2611,-4933,600,726,204,409,29,44,-1,30,-8,19,-3,13,"..","..",-4477,-5931
2013,-145,-216,76,134,118,166,41,85,64,41,48,39,-6,15,43,-1,17,-2,17,47,27,70,43,-101,29,68,-7,45,51,106,248,281,308,299,156,113,40,522,215,820,133,417,-237,57,-268,-69,-7,115,273,14,554,145,465,235,508,306,563,504,544,438,476,536,330,419,379,391,302,286,273,191,209,234,201,229,182,118,85,218,140,161,138,141,146,104,32,158,42,185,5,136,-30,-6,-65,10,-37,17,-110,-18,-20,-6,-55,21,-58,-4,-20,16,-45,-48,31,2,33,49,6,52,129,59,61,73,131,70,119,122,60,106,133,97,119,119,97,129,81,56,60,87,65,85,39,46,33,26,26,38,31,26,38,14,12,14,5,20,16,6,7,-7,-10,18,15,-11,13,4,-4,3,2,5,6,5,14,-1,1,6,-7,7,0,4,3,-4,5,2,0,-1,154,210,119,98,143,188,967,2035,-106,534,2634,1628,1760,1823,817,960,363,724,-262,-3,-147,-13,360,303,528,573,278,300,112,112,41,10,19,18,1,8,416,496,664,777,1128,1189,1383,2531,6072,6980,6173,7701,6386,7991,842,1584,6914,8564,7366,9013,7118,8732,6654,8320,6399,6978,980,1022,452,449,62,37,21,27,2,9,1,1,"..","..",7782,9509
2014,-28,-45,290,328,300,373,330,329,328,347,273,249,205,261,169,148,128,237,210,156,162,184,127,262,188,129,225,179,301,231,470,456,371,414,407,547,321,1060,498,1441,338,1191,86,879,304,1035,529,981,709,892,946,676,1078,708,1087,804,1043,819,871,799,795,954,679,699,585,599,610,519,483,638,431,491,359,490,332,381,304,433,293,364,287,325,225,336,193,344,252,272,181,203,129,251,68,146,51,138,-10,147,21,87,38,133,65,117,65,111,66,115,65,112,117,120,135,100,145,112,94,136,163,162,157,202,148,162,186,141,111,152,151,196,77,116,63,86,47,80,50,33,42,47,51,30,53,14,24,34,11,45,32,0,28,17,23,20,21,21,4,27,18,22,14,11,8,1,15,4,-8,6,-3,4,-3,-6,10,-8,10,5,3,1,-5,-3,1220,1332,985,1051,1003,985,2067,3918,1966,4978,5025,3806,3152,3409,1719,2159,1138,1480,259,769,299,588,654,630,753,853,279,362,171,123,94,107,26,26,15,-11,3208,3368,3678,3824,4456,4785,5275,7286,13929,18270,15326,20519,16279,21737,3103,4320,17032,22590,17630,23207,17160,22751,16382,21790,15563,19289,1351,1470,598,617,148,132,54,25,28,-1,13,10,"..","..",20838,26575
2015,71,-26,397,356,416,442,418,497,372,420,293,383,270,297,235,250,280,313,215,238,254,259,240,249,205,275,215,338,400,370,537,577,488,518,455,451,383,847,583,1350,509,1181,355,934,681,1256,874,1231,1211,1082,1199,1136,1270,1039,1426,1082,1393,1161,1195,1095,1114,1051,980,919,720,777,651,809,536,644,567,678,476,665,466,546,422,439,350,466,337,396,328,396,264,395,263,355,236,279,184,313,92,217,120,217,135,133,16,158,91,102,84,100,73,89,50,152,99,93,122,153,144,156,136,66,199,132,174,135,200,238,150,176,120,160,149,146,131,162,107,112,77,130,28,117,67,84,58,56,49,38,37,52,22,20,11,38,15,3,15,4,18,2,7,9,-4,6,15,11,9,14,-2,6,3,9,5,1,10,-10,7,0,0,3,7,3,4,1,4,1,1674,1689,1293,1481,1314,1491,2446,3743,3630,5684,6483,5513,4001,4200,2281,2794,1428,1821,547,1038,397,536,775,642,750,882,337,499,134,151,51,32,25,20,22,8,4281,4661,4818,5238,5761,6207,6727,8404,18841,21934,20816,24793,21988,25971,3897,4919,22738,26853,23307,27560,22770,26983,21827,26014,20861,23817,1319,1589,569,707,98,57,47,25,22,5,0,-3,"..","..",27588,32221
2016,88,66,485,543,473,612,584,522,505,485,475,528,350,377,325,371,365,394,353,437,313,367,333,349,303,368,354,397,481,475,664,646,543,623,411,458,368,714,520,1060,608,867,272,378,673,471,795,680,995,768,1180,758,1316,799,1297,819,1409,1034,1310,1202,1183,1085,1130,984,819,903,819,822,769,763,697,776,634,648,550,642,458,594,457,539,385,504,464,505,368,453,323,399,311,415,242,340,190,268,176,223,107,178,101,111,151,148,85,155,67,192,138,82,121,138,95,57,160,182,170,111,194,131,196,158,189,229,209,159,157,171,158,146,189,189,116,147,90,119,110,83,66,82,52,67,29,34,22,42,3,22,5,21,13,34,7,-3,9,19,8,29,8,-5,9,2,6,0,-2,4,11,-1,4,-2,7,4,3,9,-5,2,9,2,6,5,-2,5,2135,2228,1868,2107,1784,1956,2506,3501,3343,3164,6512,4612,4720,4557,2796,3199,1851,2276,816,1120,562,715,815,639,902,894,434,498,72,153,41,42,26,5,11,23,5787,6291,6451,6937,7405,8018,8293,9792,19877,19033,22544,22429,23921,23783,4946,5644,24823,24677,25407,25404,24743,24758,23789,23677,22901,21903,1486,1621,584,727,78,76,37,34,11,29,0,6,"..","..",31194,31695
2017,-26,-52,359,444,535,594,561,530,469,548,522,591,361,380,421,417,376,436,338,298,358,384,284,383,376,378,293,285,491,465,512,650,566,587,401,361,298,464,455,726,345,470,173,146,384,226,640,280,723,342,900,244,1135,473,1187,519,1353,724,1066,815,1157,915,959,932,665,736,707,804,699,740,602,743,566,792,523,678,547,651,486,550,387,442,362,476,279,461,241,417,320,413,194,333,185,239,107,224,146,219,86,185,68,127,82,110,67,89,81,82,61,114,90,38,102,113,89,97,84,91,97,78,150,169,92,142,161,128,121,147,157,190,103,121,55,105,62,89,35,74,43,37,22,26,18,36,-1,7,6,11,-3,14,-16,9,5,-14,5,4,-3,11,-1,6,17,-11,-5,-7,2,4,-2,10,5,4,9,2,3,13,2,3,-4,6,5,1,1898,2064,2018,2122,1802,1895,2232,2788,2265,1464,5641,2775,4187,4127,2724,3414,1589,2209,718,1200,359,522,462,417,681,776,298,426,42,94,-10,16,17,0,15,25,5718,6081,6230,6731,7197,7679,7950,8869,17049,14568,19356,17977,20177,18916,3809,5124,20858,19692,21223,20258,20711,19608,19744,18660,18991,17470,1046,1342,365,566,25,46,35,30,18,30,3,5,"..","..",26941,26339
2018,-72,-41,350,392,454,508,472,506,397,541,464,463,380,366,272,386,371,343,359,357,292,335,271,328,319,380,321,308,384,446,575,610,417,429,297,306,179,313,285,455,463,534,305,269,423,193,509,274,731,177,932,190,1081,374,1095,490,1114,603,880,706,982,886,853,883,714,754,586,819,675,821,696,769,629,767,582,584,463,659,389,705,387,593,367,621,318,468,265,480,258,477,195,311,144,367,124,255,60,216,74,175,79,133,18,73,65,27,37,86,37,60,40,93,86,53,105,74,90,96,59,127,98,139,149,89,170,95,105,121,100,183,72,80,59,67,36,63,9,34,-3,54,20,38,30,27,5,16,-5,25,10,37,13,-7,-10,5,-6,14,-21,10,11,4,-7,-10,10,2,-10,-9,-4,2,2,4,4,2,-12,-4,12,-4,-5,-5,-2,-6,1601,1906,1846,1915,1587,1797,1753,2113,2431,1447,5102,2363,3810,4163,2759,3484,1595,2639,597,1324,236,379,380,443,622,627,173,298,60,143,-13,26,-9,-11,-3,-17,5034,5618,5609,6228,6323,6963,6787,7731,15855,13570,18047,17533,18663,18355,3430,5412,19285,18982,19492,19423,18917,18813,18203,18078,17739,17310,829,1068,207,441,-26,0,-13,-26,-4,-15,-1,2,"..","..",24526,25041
2019,-91,43,373,397,506,598,555,506,543,543,548,542,448,367,456,430,447,437,386,456,389,384,478,370,401,473,355,434,458,503,563,614,540,476,240,256,235,356,251,578,219,506,97,374,417,356,695,725,780,781,986,861,1275,940,1336,901,1207,1079,1234,1096,1314,1219,1079,1017,790,1006,736,921,827,1032,715,894,651,1001,703,997,660,949,571,886,522,798,439,724,397,747,353,663,353,490,213,424,296,503,182,376,252,371,208,347,221,281,209,198,217,235,217,256,264,197,285,204,368,201,328,241,284,218,403,189,395,286,420,304,359,324,427,338,404,384,334,304,274,306,263,249,252,246,169,173,133,152,149,205,99,124,92,118,76,102,71,80,63,49,46,61,57,42,16,36,10,36,16,22,33,12,18,23,11,12,11,4,7,6,-1,11,16,2,10,0,1886,2087,2285,2232,2081,2164,1829,2280,2208,2742,6038,4877,4746,5195,3300,4727,2064,3422,1151,2021,1128,1167,1668,1053,2005,1636,1292,1278,549,701,253,268,88,105,43,23,6252,6483,6815,7097,7595,7829,8081,8763,18121,19821,21336,25264,24132,27484,8016,9299,26137,29120,28370,31483,27807,30869,27027,30137,26541,29203,4238,3999,2233,2363,392,384,139,116,51,11,8,-12,"..","..",34622,37966
2020,77,144,270,314,300,337,401,392,292,355,320,313,230,261,334,260,266,282,243,282,250,219,259,278,230,282,182,251,285,239,328,294,216,242,73,84,166,271,190,273,193,298,305,229,284,336,497,319,535,354,611,317,641,243,768,256,643,304,662,340,576,285,534,424,430,478,364,367,403,402,393,431,354,361,353,401,301,290,337,317,309,347,266,292,295,227,231,273,206,281,221,246,181,191,137,221,187,176,136,171,133,157,165,143,139,110,161,88,83,159,134,97,157,128,157,143,163,117,167,118,131,143,157,118,147,143,142,147,157,157,150,127,91,95,64,114,51,60,87,96,40,72,53,57,53,42,62,56,47,22,34,25,43,27,27,34,29,28,31,24,28,8,9,15,16,14,3,5,5,1,-1,3,3,1,0,0,0,-5,7,5,1340,1542,1393,1398,1206,1269,973,1164,1814,1536,3325,1460,2307,1956,1738,1800,1307,1420,862,1005,681,657,778,603,734,708,443,492,255,249,164,138,61,43,9,4,3939,4209,4267,4503,4556,4829,4912,5373,10157,7916,12326,10341,13785,11601,4362,4393,14519,12309,15458,13238,15130,12944,14841,12618,14485,12074,1673,1637,939,929,241,188,77,50,16,7,7,3,"..","..",19397,17447
2021,-27,-22,141,74,167,139,189,247,151,70,88,125,88,82,109,81,109,51,55,42,47,77,65,61,25,78,43,70,40,47,59,70,20,47,-85,-95,-277,-288,-308,-330,-244,-373,-274,-342,-331,-399,-415,-450,-406,-575,-435,-657,-314,-697,-357,-630,-299,-662,-268,-508,-134,-384,-98,-353,4,-231,9,-94,-20,32,39,34,19,-4,3,-31,54,-98,2,-28,-9,69,10,16,-29,39,42,5,-39,46,-34,26,-21,-11,-12,-26,-39,8,-61,23,-22,-25,-62,-34,-73,-51,-112,-41,-117,-46,-121,-30,-138,-77,-121,-47,-235,-68,-160,-46,-201,-36,-206,-120,-184,-123,-177,-114,-138,-56,-212,-93,-158,-182,-204,-123,-189,-109,-127,-106,-116,-104,-125,-103,-118,-78,-125,-87,-115,-105,-62,-40,-64,-51,-54,-36,-48,-57,-41,-39,-12,-42,-36,-24,-32,-8,-9,-16,-29,-22,-2,-5,-12,-13,-13,-4,-4,-7,1,-1,621,508,449,381,220,333,-591,-596,-1670,-2139,-1673,-3154,-239,-1030,117,-127,-25,175,-167,20,-386,-197,-775,-268,-906,-449,-890,-613,-599,-477,-269,-223,-118,-112,-30,-30,1290,1222,1349,1292,1284,1244,699,626,-4056,-7046,-4248,-6851,-5409,-7316,-2259,-719,-6315,-7765,-8235,-9227,-8294,-9297,-8229,-9249,-7644,-8631,-2826,-1911,-1920,-1462,-431,-372,-162,-149,-44,-37,-14,-7,"..","..",-6945,-8005
2022,-104,-114,59,127,281,238,342,345,336,336,339,277,301,283,258,230,276,246,225,246,286,275,232,250,261,230,235,277,287,279,251,318,320,347,126,119,-113,-132,163,117,296,189,-30,69,-10,14,-54,14,58,-45,128,-12,360,-108,509,64,596,166,740,347,777,469,668,532,616,629,603,681,493,681,483,605,394,665,413,592,209,534,322,519,303,473,315,419,184,468,242,324,118,277,152,239,146,215,80,145,35,150,-41,79,37,143,4,5,28,27,-16,23,-74,-14,-17,-31,-24,-79,-20,-24,-39,-54,-19,-55,-94,-37,-30,-14,-63,-33,-50,39,52,64,-44,-36,-91,-75,-102,-51,-44,-31,-85,-28,-93,-62,-75,-45,-48,-60,-33,-52,-61,-30,-34,-51,-41,-60,-43,-16,-39,-34,-21,-20,-32,-21,-24,-8,-13,-7,-14,-13,-15,-15,-5,-7,-20,-13,0,-12,-6,0,-1,-9,915,932,1399,1282,1300,1311,747,768,260,242,2333,458,3156,2993,1820,2915,1162,1961,372,827,-21,185,-119,-244,-186,19,-366,-221,-310,-250,-179,-181,-98,-63,-31,-41,3614,3525,3865,3843,4311,4308,4361,4293,8317,7376,9851,10164,9711,10106,1208,2749,9525,10125,8514,9370,8263,9052,7817,8587,7767,8602,-1197,-736,-1011,-755,-335,-284,-157,-102,-58,-39,-27,2,"..","..",12128,12895
2023,50,109,451,504,631,614,778,884,972,969,953,1088,967,990,874,927,927,1017,962,925,872,962,894,917,877,921,873,909,926,900,1122,1142,1034,901,585,642,624,846,1075,1405,1028,1614,631,1589,857,1574,1047,1509,1298,1616,1641,1534,2034,1538,2109,1900,2373,1996,2394,2247,2727,2648,2339,2606,2019,2483,1987,2649,1937,2678,1680,2686,1728,2551,1557,2252,1377,2227,1311,2122,1267,1987,1087,1844,1001,1635,922,1498,796,1349,721,1091,550,931,449,766,327,605,353,490,311,369,267,309,256,223,251,177,240,154,235,64,189,13,251,96,255,49,314,107,323,147,261,125,278,159,257,179,306,196,236,150,229,176,160,161,150,169,160,126,132,131,97,69,71,83,81,71,63,58,58,45,50,63,45,30,29,20,12,7,36,10,22,19,14,-11,12,-4,-3,-2,-6,5,0,-10,-2,-4,2,4,-5,-3,2882,3080,4682,4948,4442,4609,4441,4936,4862,7903,10551,9214,11009,13064,7652,11838,5074,8313,2401,3883,1325,1231,1244,329,1426,806,936,782,444,412,195,164,81,11,-11,-8,12006,12637,13128,13779,14747,15322,16447,17573,38514,46955,45989,59151,48558,60711,11470,14562,49984,61517,51617,62870,50495,61728,48876,60185,47176,57934,3059,2160,1633,1353,253,159,58,-5,-23,-16,-12,-8,"..","..",63623,75507
"Table information:"
"Units:"
"Number, Magnitude = Units"
""
"Footnotes:"
"The standard error indicates the uncertainty of the provisional migration estimate. For example, the 95 percent confidence interval is +/-1.96 standard errors."
"These intervals reflect the model uncertainty, not the extent of future revisions to provisional data. Standard errors are non-additive."
"Owing to rounding, individual figures may not sum to stated totals."
" "
"Symbols:"
".. figure not available"
"C: Confidential"
"E: Early Estimate"
"P: Provisional"
"R: Revised"
"S: Suppressed"
""
"Status flags are not displayed"
""
"Table reference: "
"ITM426AA"
""
"Last updated:"
"14 March 2024 10:45am"
""
"Source: Statistics New Zealand"
"Contact: Information Centre"
"Telephone: 0508 525 525"
"Email:info@stats.govt.nz"
""
""
""
