"Deaths by age and sex (Annual-Dec)","","","","","","","","","","","","","","","","","","","","","","","","","","","","","","","","","","","","","","","","","","","","","","","","","","","","","","","","","","","","","","","","","","","","","","","","","","","","","","","","","","","","","","","","","","","","","","","","","","","","","","","","","","","","","","","","","","","","","","","","","","","","","","","","","","","","","","","","","","","","","","","","","","","","","","","","","","","","","","","","","","","","","","","","","","","","","","","","","","","","","","","","","","","","","","","","","","","","","","","","","","","","","","","","","","","","","","","","","","","","","","","","","","","","","","","","","","","","","","","","","","","","","","","","","","","","","",""
"","Male","","","","","","","","","","","","","","","","","","","","","","","","","","","","","","","","","","","","","","","","","","","","","","","","","","","","","","","","","","","","","","","","","","","","","","","","","","","","","","","","","","","","","","","","","","","","","","","","","","","","","","","","","","","","","","","","","","","","","","","","","","","","","","","Female","","","","","","","","","","","","","","","","","","","","","","","","","","","","","","","","","","","","","","","","","","","","","","","","","","","","","","","","","","","","","","","","","","","","","","","","","","","","","","","","","","","","","","","","","","","","","","","","","","","","","","","","","","","","","","","","","","","","","","","","","","","","","",""
" ","Total all ages","Neonatal","Post-neonatal","Infant","1-4 years","5-9 years","10-14 years","15-19 years","20-24 years","25-29 years","30-34 years","35-39 years","40-44 years","45-49 years","50-54 years","55-59 years","60-64 years","65-69 years","70-74 years","75-79 years","80-84 years","85-89 years","90-94 years","95-99 years","100 years and over","Less than 1 year","1 year","2 years","3 years","4 years","5 years","6 years","7 years","8 years","9 years","10 years","11 years","12 years","13 years","14 years","15 years","16 years","17 years","18 years","19 years","20 years","21 years","22 years","23 years","24 years","25 years","26 years","27 years","28 years","29 years","30 years","31 years","32 years","33 years","34 years","35 years","36 years","37 years","38 years","39 years","40 years","41 years","42 years","43 years","44 years","45 years","46 years","47 years","48 years","49 years","50 years","51 years","52 years","53 years","54 years","55 years","56 years","57 years","58 years","59 years","60 years","61 years","62 years","63 years","64 years","65 years","66 years","67 years","68 years","69 years","70 years","71 years","72 years","73 years","74 years","75 years","76 years","77 years","78 years","79 years","80 years","81 years","82 years","83 years","84 years","85 years","86 years","87 years","88 years","89 years","90 years","91 years","92 years","93 years","94 years","95 years","96 years","97 years","98 years","99 years","100 years and over","Median age at death","Total all ages","Neonatal","Post-neonatal","Infant","1-4 years","5-9 years","10-14 years","15-19 years","20-24 years","25-29 years","30-34 years","35-39 years","40-44 years","45-49 years","50-54 years","55-59 years","60-64 years","65-69 years","70-74 years","75-79 years","80-84 years","85-89 years","90-94 years","95-99 years","100 years and over","Less than 1 year","1 year","2 years","3 years","4 years","5 years","6 years","7 years","8 years","9 years","10 years","11 years","12 years","13 years","14 years","15 years","16 years","17 years","18 years","19 years","20 years","21 years","22 years","23 years","24 years","25 years","26 years","27 years","28 years","29 years","30 years","31 years","32 years","33 years","34 years","35 years","36 years","37 years","38 years","39 years","40 years","41 years","42 years","43 years","44 years","45 years","46 years","47 years","48 years","49 years","50 years","51 years","52 years","53 years","54 years","55 years","56 years","57 years","58 years","59 years","60 years","61 years","62 years","63 years","64 years","65 years","66 years","67 years","68 years","69 years","70 years","71 years","72 years","73 years","74 years","75 years","76 years","77 years","78 years","79 years","80 years","81 years","82 years","83 years","84 years","85 years","86 years","87 years","88 years","89 years","90 years","91 years","92 years","93 years","94 years","95 years","96 years","97 years","98 years","99 years","100 years and over","Median age at death"
1948,9573,0,0,789,219,78,78,105,144,117,126,156,213,336,405,606,1002,1281,1299,1194,804,444,144,30,9,786,114,48,30,27,27,18,12,12,9,18,15,15,15,18,15,15,18,30,24,36,24,39,21,27,21,27,27,30,15,24,21,30,27,27,24,39,30,30,33,27,33,66,42,42,48,60,57,81,90,75,57,87,81,102,99,114,99,147,144,162,159,189,243,249,264,225,252,273,267,255,228,255,279,279,246,264,216,255,213,210,150,177,135,132,102,123,81,78,57,36,33,30,30,12,12,9,3,6,3,9,66.7,7713,0,0,564,171,69,54,96,123,135,123,159,174,210,306,447,627,900,978,1017,867,462,174,42,18,561,87,39,18,27,24,12,12,9,9,12,6,12,21,9,12,21,18,24,18,24,24,24,18,27,33,30,18,30,24,21,24,30,21,27,33,30,27,27,39,33,33,33,42,36,39,39,48,54,39,66,42,69,60,72,60,96,93,96,102,114,93,126,138,156,171,168,177,180,204,201,177,204,201,195,201,225,207,213,171,195,186,195,147,144,123,105,81,102,51,54,42,33,24,27,9,15,9,6,3,18,68.5
1949,9561,0,0,828,225,75,60,117,135,105,129,174,204,306,444,567,909,1272,1455,1134,822,429,132,39,3,828,102,63,42,21,21,15,12,18,9,9,15,9,12,12,12,24,27,21,33,24,30,30,21,30,21,27,24,18,18,21,27,27,33,21,39,33,21,36,48,45,36,45,39,36,72,36,39,87,72,96,63,93,81,111,66,99,123,138,138,177,147,168,204,207,276,237,231,270,261,291,237,297,327,309,243,255,186,225,228,183,174,153,174,138,114,111,78,72,51,36,24,33,27,9,9,9,6,6,6,3,67.0,8016,0,0,642,207,60,48,75,87,111,120,156,171,264,345,444,639,876,1065,1077,846,525,210,48,9,639,108,42,36,21,15,12,12,9,6,9,9,12,9,9,6,15,18,15,21,9,21,15,18,27,24,18,21,21,24,21,21,24,21,30,30,33,24,39,27,30,33,36,45,27,51,48,54,51,57,54,63,78,66,84,69,96,81,102,96,120,111,132,123,156,174,138,156,198,210,222,180,234,219,213,213,207,219,225,213,180,162,168,180,156,138,114,105,72,96,69,45,45,36,15,18,9,6,3,3,9,68.9
1950,9942,504,255,756,186,78,60,114,126,102,120,180,198,309,435,624,924,1299,1482,1332,924,498,144,42,6,759,90,39,33,24,15,12,9,24,12,12,12,12,6,15,15,18,21,24,36,27,24,36,18,21,27,21,15,24,15,21,21,33,24,27,30,45,27,39,39,45,21,42,42,48,51,51,51,72,84,93,81,75,90,96,114,108,114,153,138,156,144,204,192,225,273,234,243,249,297,291,255,327,303,309,279,297,222,279,255,237,192,180,156,162,132,123,102,78,66,48,30,30,24,12,15,15,6,3,3,6,68.0,8145,378,231,606,144,54,36,66,90,96,111,150,180,261,312,450,642,942,1116,1041,948,585,237,66,9,606,75,36,24,9,15,12,9,9,12,6,9,6,9,6,6,12,18,15,15,12,15,15,24,21,15,18,12,24,24,15,24,15,27,30,27,24,33,33,30,39,24,39,39,39,48,48,54,54,54,72,36,48,81,75,66,93,93,93,108,108,126,129,141,135,177,171,195,180,222,219,168,261,234,234,204,207,195,234,201,240,177,189,162,180,150,135,114,93,87,84,54,42,30,27,15,24,6,6,6,9,69.7
1951,10380,528,291,819,180,78,51,105,150,138,138,183,240,348,456,639,960,1332,1524,1329,1002,513,156,36,3,819,81,48,30,21,24,18,18,9,12,12,12,6,12,6,24,12,18,24,27,30,21,30,33,30,27,27,24,30,33,27,27,24,36,27,27,33,30,48,45,33,51,54,48,54,48,69,78,66,90,75,81,96,102,99,105,99,123,150,162,159,156,222,216,213,264,237,270,270,291,339,285,294,312,294,306,294,246,228,252,216,225,210,186,165,135,120,99,81,75,36,48,39,21,15,18,9,6,3,3,3,67.8,8460,327,231,555,147,54,36,51,66,87,96,123,174,246,348,474,687,894,1206,1233,1014,636,249,63,15,555,84,18,30,15,18,12,6,9,12,12,6,3,9,9,12,6,9,12,15,18,12,15,6,15,18,15,15,18,18,21,21,18,24,18,24,24,27,21,24,27,39,36,42,33,45,39,48,51,60,75,63,63,63,87,72,114,84,93,114,123,108,144,153,165,159,177,159,198,195,231,240,255,237,240,267,252,216,255,240,222,207,195,198,195,183,156,120,105,72,75,63,51,33,24,24,9,12,9,6,15,70.8
1952,10329,444,357,804,198,78,63,93,141,147,144,189,228,324,486,603,879,1317,1503,1392,1014,540,156,27,6,804,93,48,30,24,18,18,15,18,9,12,15,15,9,15,18,12,24,21,21,27,33,30,24,30,18,30,39,36,24,30,27,33,27,27,33,39,33,39,42,39,45,42,42,57,60,54,57,66,84,75,78,126,102,105,90,126,111,141,135,129,138,201,207,207,246,252,270,276,273,303,285,312,312,291,318,288,276,261,249,243,228,198,177,168,150,144,105,69,72,45,36,33,21,12,9,12,6,0,3,6,68.1,8568,402,270,672,168,60,39,42,51,78,78,144,171,258,363,444,663,909,1206,1293,1002,654,201,57,12,672,84,36,30,18,15,15,12,6,12,9,9,12,6,6,6,9,12,12,6,12,6,9,12,6,15,15,15,21,15,9,18,24,12,12,33,27,24,27,30,36,30,42,33,33,45,51,54,51,54,63,60,96,78,72,81,69,90,111,93,123,105,138,135,159,171,168,195,189,186,204,219,255,261,267,276,291,249,231,252,231,189,210,186,189,174,150,114,117,96,57,48,48,30,15,21,12,9,9,3,12,70.7
1953,10233,492,303,792,177,66,57,108,138,129,126,144,240,357,480,633,894,1260,1512,1428,1014,486,150,42,6,792,72,48,39,21,12,15,9,15,15,15,18,12,3,12,21,18,12,27,30,30,24,21,39,24,27,24,27,21,27,36,21,36,24,15,27,27,24,36,30,45,39,51,51,51,57,60,69,78,90,75,63,120,114,114,96,114,126,153,141,135,138,207,192,222,228,228,246,273,285,285,249,309,327,342,291,324,291,279,246,237,189,207,210,174,129,120,102,75,66,51,24,27,27,21,12,12,9,3,6,3,68.3,8118,321,219,543,153,60,51,39,60,60,87,111,192,267,321,447,591,870,1176,1188,1023,567,237,54,12,543,63,39,33,21,15,6,12,15,9,9,9,18,9,12,6,9,9,9,6,15,9,12,6,18,9,9,15,12,21,18,15,18,21,12,12,12,18,27,39,30,33,42,39,45,51,48,51,57,60,51,45,75,72,75,54,81,105,114,96,105,90,111,132,156,174,138,168,183,210,225,201,237,273,246,270,240,216,249,216,210,201,213,213,189,141,138,120,90,84,84,51,51,33,21,24,15,6,6,3,12,70.9
1954,10521,486,270,753,171,69,48,96,159,144,129,159,207,327,465,633,972,1269,1521,1515,1092,588,171,30,3,753,75,45,36,18,27,15,9,9,6,6,6,12,12,12,15,15,18,18,30,36,42,30,30,24,36,24,21,39,24,27,21,30,33,21,27,30,33,30,39,36,30,48,45,48,57,60,63,75,72,87,75,84,99,120,87,141,123,129,153,207,147,186,213,219,252,246,258,240,270,267,249,321,321,363,315,345,279,303,273,255,192,225,201,213,162,147,114,93,69,51,39,42,24,18,9,6,9,3,3,3,68.7,8355,321,228,549,165,60,36,45,66,90,84,111,147,225,321,441,591,843,1209,1335,1032,681,240,72,12,546,72,36,36,21,15,18,12,9,9,12,6,6,6,6,3,9,9,15,12,9,12,12,18,12,12,21,21,12,21,18,12,15,15,24,12,18,21,30,30,15,21,33,33,39,42,39,45,51,48,54,45,69,81,69,57,81,81,102,114,135,78,114,126,138,150,159,147,177,210,219,201,243,261,288,300,282,246,273,231,249,189,204,180,207,171,162,132,111,102,60,63,54,33,36,24,15,9,18,6,12,71.9
1955,10626,489,327,819,168,84,60,105,129,123,120,174,204,339,510,678,858,1236,1560,1584,1077,579,171,45,3,819,87,36,30,15,18,21,18,15,12,18,9,9,9,15,12,24,21,27,21,30,24,24,33,18,24,24,24,27,24,30,18,27,21,24,36,33,27,30,48,33,36,45,45,48,57,60,75,60,81,75,102,99,108,126,144,129,129,135,144,147,171,177,150,216,234,219,255,273,261,297,276,321,309,360,333,315,300,333,303,264,210,207,189,207,156,132,114,96,81,57,42,24,33,15,12,15,9,6,6,6,68.9,8598,327,219,546,150,51,42,45,60,57,72,114,159,255,363,414,591,930,1185,1419,1122,699,252,63,12,546,66,39,24,21,9,9,12,3,9,6,9,6,9,12,9,12,9,9,9,9,12,12,15,15,6,12,18,12,9,12,18,9,15,18,24,18,24,24,24,33,27,33,33,36,48,48,51,54,57,66,63,78,66,93,90,72,66,87,102,105,84,120,141,141,174,162,174,219,201,210,222,243,261,252,315,303,279,273,252,252,210,222,201,231,192,144,135,114,111,96,48,36,42,30,18,15,12,9,9,9,72.1
1956,10974,462,267,729,156,75,63,93,126,132,144,141,228,324,492,702,846,1251,1590,1689,1239,690,207,54,6,729,63,39,33,24,24,18,18,9,6,15,12,15,12,9,21,9,18,21,24,24,27,30,30,15,30,21,27,30,24,36,27,30,27,27,21,30,27,24,39,45,36,51,45,54,57,60,57,84,69,99,84,96,93,114,120,135,147,138,159,177,132,153,192,195,231,207,249,276,285,297,264,306,363,354,354,375,294,339,330,309,237,225,231,234,201,171,138,108,75,69,42,48,33,18,18,12,9,6,6,6,70.0,8724,333,252,582,162,42,42,36,42,54,78,138,183,228,303,447,567,885,1164,1449,1191,804,264,63,6,585,63,42,36,21,6,9,9,12,6,6,6,15,6,9,9,6,9,6,9,9,6,3,9,12,6,12,15,12,9,12,9,9,18,21,30,24,30,27,24,42,27,30,42,36,42,36,39,48,60,57,54,57,69,66,60,81,90,105,108,87,81,108,126,168,156,141,183,204,198,189,222,255,234,264,291,312,273,285,285,294,231,246,216,207,174,195,162,150,126,93,54,48,45,24,21,21,6,6,0,6,72.7
1957,11667,510,312,822,168,90,51,117,135,123,159,147,219,372,507,720,930,1329,1695,1779,1308,738,216,42,3,822,72,45,30,21,24,15,24,9,18,12,6,12,12,9,21,15,33,30,21,33,21,27,30,24,27,24,21,27,18,36,30,33,27,36,21,33,30,36,27,33,45,42,51,45,63,78,81,72,81,84,81,126,108,108,123,147,150,147,153,165,162,177,210,213,252,231,282,267,294,339,291,339,360,366,348,417,348,336,330,318,276,258,237,222,219,168,165,99,87,72,48,42,27,30,15,12,12,0,3,3,69.8,9195,348,252,597,126,48,54,48,48,66,75,123,165,264,324,438,630,906,1245,1452,1317,852,312,90,15,597,60,27,24,12,15,12,6,12,6,9,9,15,9,15,12,9,6,12,12,12,9,9,9,12,9,18,15,12,15,15,12,15,15,18,30,24,21,24,21,39,21,36,33,39,54,45,54,45,57,54,63,66,75,69,69,96,84,93,93,120,102,120,153,135,153,159,171,186,240,204,231,261,261,288,261,294,285,324,288,309,258,255,249,246,204,204,195,132,120,81,78,75,42,30,33,21,18,12,12,12,73.0
1958,11181,519,288,807,192,87,54,129,120,126,129,156,204,363,510,717,897,1182,1569,1737,1245,666,240,39,6,807,84,57,30,21,15,21,18,15,15,6,15,9,12,9,18,21,18,30,42,39,18,27,18,18,24,27,21,33,24,27,27,21,30,24,42,27,30,30,33,30,30,54,45,48,69,51,54,81,105,90,72,114,117,114,144,120,156,156,144,168,159,165,195,213,234,213,225,237,273,300,258,336,315,357,336,333,351,363,354,288,255,267,222,213,171,162,132,102,99,72,66,42,36,21,18,9,6,6,3,6,69.7,9120,363,243,609,138,63,45,39,54,63,75,126,153,270,339,408,624,840,1155,1497,1365,825,351,69,9,609,54,36,30,18,18,12,9,12,12,9,15,9,9,6,3,6,15,6,9,9,9,12,9,12,9,12,6,18,21,15,24,15,9,12,21,21,24,33,30,21,24,36,42,33,48,39,42,60,81,66,63,66,75,66,60,87,81,93,84,102,105,126,153,141,162,135,168,153,225,192,189,243,279,249,276,306,288,318,309,297,276,300,246,243,204,195,171,123,126,96,84,57,66,48,24,27,9,9,3,9,73.3
1959,11646,501,330,834,165,66,66,102,132,114,135,165,207,384,513,762,963,1215,1584,1767,1386,765,258,57,6,834,75,39,27,24,12,9,15,21,12,9,12,12,12,15,15,12,18,33,21,30,21,21,24,30,21,27,21,21,24,33,18,21,30,39,21,33,30,45,36,39,27,39,42,57,63,60,72,84,102,87,90,87,120,126,108,147,141,159,207,171,159,201,216,219,249,213,237,240,276,282,276,327,348,354,360,357,324,360,366,336,264,285,264,234,195,186,159,123,99,78,60,66,36,27,18,15,12,6,6,9,70.0,9480,399,246,645,159,54,27,45,45,60,81,120,165,270,318,441,627,870,1224,1575,1410,921,351,78,9,645,87,21,30,18,12,15,9,6,9,9,3,6,6,3,9,6,9,12,9,6,9,12,9,9,9,6,15,15,15,15,18,15,18,12,12,24,30,27,27,30,24,30,36,45,48,48,57,54,60,51,45,69,69,81,84,84,69,96,105,93,114,126,129,165,156,168,165,186,189,204,216,228,258,312,306,309,285,351,321,300,261,300,294,255,240,204,192,153,129,111,78,69,54,45,24,21,18,6,9,9,73.7
1960,11547,534,282,816,156,81,45,105,102,99,132,162,231,405,555,783,975,1188,1479,1758,1413,765,246,48,6,819,75,33,21,27,18,15,12,15,21,9,9,9,9,12,12,18,27,24,24,24,18,21,24,15,15,24,21,15,21,24,24,24,27,33,30,39,33,33,30,39,27,60,45,63,57,69,84,87,105,102,87,126,117,123,132,135,147,183,186,183,183,210,192,207,204,213,234,267,270,288,270,303,306,309,351,372,351,345,342,321,273,291,285,243,213,180,144,114,114,72,54,45,39,36,12,21,3,9,0,3,69.8,9348,396,204,603,135,57,39,45,51,48,72,129,165,219,345,447,624,804,1179,1554,1440,930,372,84,6,603,54,36,24,15,9,15,6,9,12,6,6,6,9,12,6,6,18,9,6,15,12,9,6,9,15,15,6,6,9,12,12,12,18,18,18,15,27,27,36,27,24,45,42,30,45,42,36,57,39,66,51,69,78,81,84,84,75,99,108,123,90,129,147,138,153,129,144,180,195,228,219,213,243,276,297,309,306,330,309,336,249,291,294,270,252,222,168,150,138,126,87,78,48,39,36,21,15,12,3,9,74.0
1961,11901,558,306,867,159,60,69,105,126,120,111,186,222,393,600,807,1089,1218,1512,1734,1392,819,255,45,9,867,84,33,24,18,21,9,12,12,6,12,9,15,12,18,18,18,18,21,27,24,24,21,30,24,21,24,15,27,30,21,18,27,30,21,33,33,36,30,51,39,30,42,48,63,63,69,69,96,96,99,105,126,138,135,147,153,153,165,183,213,204,195,237,240,210,225,246,261,273,243,285,309,339,336,366,375,312,348,330,327,294,252,291,225,228,204,168,105,117,72,72,48,36,27,21,9,6,3,3,9,69.3,9882,390,234,624,132,51,36,48,45,45,84,123,168,264,345,462,633,867,1272,1638,1548,984,420,81,15,624,54,33,24,21,12,12,6,9,12,6,6,9,6,9,9,12,9,9,9,9,12,6,9,9,6,6,9,15,9,18,15,15,15,27,18,24,27,27,30,33,24,33,33,45,45,48,45,54,72,63,72,60,81,75,93,93,81,102,96,129,126,108,120,150,159,132,177,207,192,204,231,243,276,315,300,345,291,363,336,339,306,318,285,303,240,258,180,174,135,129,114,87,51,42,27,24,18,6,9,15,74.2
1962,12240,495,282,777,174,75,72,126,138,84,135,183,219,408,588,801,1065,1227,1563,1782,1545,906,297,63,9,777,81,42,27,21,15,18,21,15,9,21,12,9,18,12,15,18,30,36,33,30,30,27,27,21,18,12,21,15,18,24,24,27,39,21,27,36,36,36,51,39,45,36,42,54,66,60,99,93,93,105,99,117,117,150,114,141,186,177,183,183,177,222,246,240,237,237,249,249,252,312,249,315,327,357,351,336,363,363,369,354,306,327,300,258,264,216,183,138,108,93,63,54,48,39,30,15,3,9,3,6,70.2,9843,330,228,555,102,54,42,51,45,63,78,129,144,279,345,435,621,882,1206,1638,1596,1059,420,90,12,555,51,27,18,9,12,15,9,12,9,6,6,12,6,12,12,6,6,15,12,6,9,9,12,6,15,12,12,15,9,12,9,18,15,24,18,30,18,24,39,27,24,33,27,27,42,54,57,63,66,57,72,69,69,78,69,87,93,99,87,120,105,150,114,135,168,147,165,201,201,216,195,249,267,282,294,336,309,369,330,369,309,306,315,300,255,288,189,159,168,132,90,87,66,48,33,30,6,12,9,9,74.6
1963,12426,489,243,735,156,69,63,126,141,111,123,159,261,408,588,858,1101,1266,1596,1863,1545,912,300,45,6,735,75,33,18,27,18,18,6,15,12,9,9,12,12,18,24,21,33,24,27,33,27,33,30,21,18,24,21,27,24,15,18,30,21,36,33,30,27,24,42,54,51,63,42,51,63,81,75,102,87,87,102,120,144,135,144,150,186,186,192,177,171,240,249,261,264,222,240,246,288,279,288,324,363,339,390,357,357,393,366,357,300,348,285,258,231,198,186,174,126,96,63,66,42,36,15,9,3,6,6,6,70.2,9993,339,198,537,120,57,36,51,51,42,75,114,171,279,366,501,609,876,1245,1617,1617,1092,417,114,18,534,63,33,12,9,12,9,18,15,6,9,6,9,6,3,9,6,15,12,6,9,9,12,6,12,9,6,9,9,9,9,6,21,21,21,21,18,21,24,27,30,36,33,36,33,54,48,54,66,63,60,57,84,72,90,93,81,114,102,111,96,117,135,138,123,183,147,174,189,183,213,198,258,306,264,324,324,279,351,336,366,282,330,336,303,288,246,228,186,147,108,102,87,75,42,51,24,24,12,6,18,74.5
1964,12636,450,249,702,168,66,63,123,129,114,111,171,258,408,639,915,1203,1320,1500,1818,1617,912,327,66,6,702,66,48,30,24,21,15,12,12,3,12,9,15,18,9,18,18,33,30,24,30,24,30,21,27,18,24,24,27,21,18,21,18,24,27,24,30,36,33,48,42,48,42,63,63,51,69,90,90,108,111,123,126,135,147,162,174,171,198,213,213,195,225,288,279,282,246,270,258,261,279,237,294,339,354,354,369,348,387,357,333,324,339,312,312,204,219,192,159,138,108,66,69,48,33,18,21,9,9,6,6,69.7,10224,324,168,489,126,45,36,51,69,42,69,123,171,255,369,516,615,933,1200,1653,1680,1155,480,135,12,492,60,30,24,12,12,12,12,3,6,3,3,6,6,12,6,12,6,9,15,15,9,15,18,12,9,9,9,6,9,9,12,9,27,15,15,21,21,33,33,36,27,42,36,30,39,45,51,60,63,63,63,78,84,87,84,99,99,123,114,120,93,105,141,153,162,153,174,219,225,225,210,198,261,309,324,309,300,342,375,327,300,357,336,357,276,270,234,216,159,147,96,96,84,54,48,33,21,15,18,15,75.0
1965,12660,444,252,696,147,72,60,150,138,126,141,186,282,387,654,963,1254,1401,1491,1743,1494,876,330,60,9,696,69,30,27,21,9,18,18,12,9,6,12,6,9,24,21,21,30,45,33,36,24,27,30,21,24,21,24,21,33,36,24,24,33,24,30,39,36,39,42,45,45,48,69,75,69,72,63,81,102,120,123,114,144,150,141,186,177,210,252,264,216,264,276,237,300,237,294,252,315,303,267,276,309,333,372,351,306,339,381,303,294,294,279,321,261,195,180,147,93,108,63,75,42,45,27,12,6,12,6,6,69.0,10317,285,189,477,120,39,48,51,54,60,66,96,201,264,399,540,681,939,1206,1596,1602,1254,480,129,15,474,45,30,27,21,12,6,3,12,9,6,6,9,15,6,12,9,9,9,9,9,15,9,9,12,9,6,15,15,9,12,9,12,21,15,12,21,18,21,21,30,33,36,51,51,45,39,57,54,69,87,60,81,84,81,96,111,117,96,120,141,108,123,132,180,207,141,183,189,219,240,195,228,249,294,300,288,318,330,357,336,309,315,312,327,336,273,249,201,198,153,105,84,69,69,42,30,24,18,15,15,74.7
1966,13218,411,225,636,147,78,75,171,168,99,138,189,264,420,651,1023,1293,1524,1635,1734,1584,1008,297,75,6,636,57,42,27,18,21,9,12,18,15,15,24,15,12,12,18,30,33,51,39,36,39,27,30,33,33,21,9,21,18,33,21,21,27,30,33,36,33,45,39,48,54,57,60,54,78,72,78,90,102,96,114,144,159,141,174,186,186,216,255,246,243,255,258,291,330,312,267,312,303,315,318,327,315,360,345,366,330,324,372,363,324,300,294,300,282,258,189,171,108,108,66,54,42,27,24,24,15,6,3,6,69.1,10563,267,162,429,126,57,45,66,45,63,63,120,195,276,390,525,696,1005,1239,1548,1677,1296,549,138,12,429,48,30,27,21,15,12,15,3,9,3,3,15,9,12,9,9,18,15,9,12,9,6,9,6,9,12,12,9,18,9,9,18,9,18,18,21,15,39,24,30,30,42,42,48,51,39,51,54,81,69,72,69,81,96,96,105,93,108,123,129,129,141,138,159,204,198,171,231,204,219,207,252,267,291,297,339,291,294,324,372,282,300,348,378,309,318,252,204,213,150,141,108,84,63,39,33,33,21,12,15,74.8
1967,12705,411,228,639,141,78,72,180,177,132,129,201,258,456,699,1029,1278,1488,1431,1629,1395,906,309,72,9,639,60,30,30,21,21,18,15,9,18,21,6,15,12,15,21,27,36,39,54,42,42,33,36,24,24,33,27,21,27,21,24,24,21,36,42,39,33,42,45,57,45,60,48,54,81,78,99,90,105,114,111,159,165,156,165,195,207,225,240,228,210,297,273,273,309,270,312,306,288,273,264,291,312,294,324,375,288,321,324,315,249,294,273,261,225,207,204,138,132,111,66,54,42,36,39,12,15,6,3,6,68.0,10302,273,189,462,111,33,33,60,57,63,69,99,195,288,429,549,732,939,1167,1527,1584,1278,495,120,15,465,36,27,30,24,9,6,9,9,6,6,0,3,6,9,9,9,15,12,15,15,9,9,6,15,15,15,12,9,9,12,12,15,15,15,12,18,21,18,24,27,36,30,42,57,36,57,69,54,72,75,69,90,99,99,99,99,108,117,123,123,153,156,141,156,195,174,204,177,183,210,192,258,255,249,279,285,285,339,336,372,291,318,297,309,300,297,261,216,207,156,111,96,75,54,48,21,24,15,9,15,74.5
1968,13509,414,258,672,141,93,66,171,186,117,120,189,279,438,636,996,1380,1635,1614,1707,1509,1146,363,57,6,672,51,33,30,27,18,21,21,21,9,12,21,9,15,6,24,24,42,42,39,51,45,33,27,27,15,30,30,24,21,24,18,24,30,27,30,39,30,45,42,48,45,48,75,60,69,75,96,96,102,93,108,120,144,171,150,180,201,207,261,258,249,270,303,300,297,285,351,396,306,324,306,354,312,315,318,354,351,351,330,336,300,318,276,279,255,276,231,207,177,111,87,69,54,39,15,15,12,12,6,6,68.9,10956,321,171,492,114,57,33,66,54,63,81,114,168,300,408,558,717,987,1311,1620,1731,1374,552,147,6,492,48,24,24,18,15,12,12,9,12,6,3,6,6,9,21,15,12,9,15,9,15,15,6,9,6,15,15,12,18,18,15,15,15,21,18,18,21,27,27,24,30,42,30,39,63,60,54,72,57,54,72,84,87,114,93,111,105,111,132,102,135,159,159,162,192,156,207,228,207,237,219,255,282,321,270,321,315,363,348,339,288,360,384,360,339,282,294,237,219,174,123,117,81,57,51,36,30,21,9,9,74.8
1969,13326,420,210,633,147,93,57,171,171,126,123,156,282,444,621,1029,1347,1659,1641,1674,1488,993,363,90,9,630,54,42,27,27,18,30,15,15,15,6,9,15,15,9,15,27,39,54,36,48,36,33,33,18,24,24,30,24,24,21,24,30,21,30,27,27,33,33,39,45,54,63,60,57,69,84,90,93,108,90,102,129,150,147,192,192,183,234,228,228,264,282,267,306,327,324,306,342,363,336,330,315,330,330,369,339,303,306,360,324,315,282,291,279,243,228,201,159,162,99,87,81,60,33,36,21,15,18,6,9,68.9,10836,258,168,426,90,48,42,60,54,54,81,114,192,318,396,558,735,954,1281,1602,1776,1302,603,138,15,426,39,18,18,12,15,6,9,6,9,3,12,9,6,12,9,9,12,15,9,9,12,12,6,9,9,9,12,9,9,9,21,9,15,27,12,12,21,30,39,30,36,42,42,42,60,54,51,87,66,66,66,81,66,117,93,126,96,129,114,138,144,135,189,129,189,156,156,237,219,240,198,294,270,276,306,312,288,348,345,357,354,357,351,354,312,306,234,240,210,171,135,126,105,60,42,45,27,15,9,15,75.1
1970,13614,351,240,591,135,90,87,201,186,147,141,189,309,480,606,1035,1422,1779,1668,1662,1431,1011,354,78,9,591,63,36,21,15,18,24,21,18,12,15,12,30,18,15,21,27,45,42,60,30,54,39,27,36,36,30,30,24,30,27,15,36,30,33,33,33,36,42,45,48,63,54,60,84,84,81,99,105,111,87,117,111,141,147,183,210,192,219,231,276,261,270,300,312,345,351,312,333,438,372,315,342,315,327,333,354,339,309,330,318,261,309,267,276,246,210,213,189,150,123,81,75,45,30,33,21,9,9,9,9,68.5,11226,291,159,450,96,57,45,72,69,57,66,129,189,300,423,564,750,1008,1317,1662,1737,1416,639,153,21,450,51,18,18,15,15,12,15,3,9,12,9,6,9,9,9,12,21,18,12,18,18,18,12,6,12,15,6,12,12,9,18,15,6,15,18,15,24,33,39,36,33,48,36,36,63,60,54,51,75,72,66,90,87,108,93,99,111,144,120,144,129,153,159,171,171,195,189,207,249,252,213,246,309,294,357,339,291,336,339,360,309,339,369,366,339,315,273,252,240,189,159,114,96,75,51,39,30,21,12,21,75.0
1971,13413,378,213,591,129,78,66,186,180,120,120,165,294,432,669,1050,1446,1713,1746,1557,1464,963,351,81,9,591,69,24,18,21,18,18,15,12,15,6,12,9,24,15,15,24,39,63,48,33,42,36,33,36,36,21,27,15,18,27,18,27,21,27,30,21,39,39,42,48,48,63,63,66,75,87,72,99,96,105,132,126,150,150,165,180,213,219,270,297,258,282,294,315,354,348,285,372,354,342,375,339,348,345,369,291,276,327,294,303,291,306,294,264,267,213,207,150,129,114,75,63,54,42,36,21,12,6,6,12,68.5,10896,309,168,474,96,42,42,69,69,63,99,105,180,309,393,561,744,936,1233,1554,1701,1437,627,141,27,474,48,21,15,12,6,9,6,9,6,6,18,3,6,12,9,15,12,21,12,18,15,15,12,9,15,15,9,9,15,27,12,15,21,24,18,15,18,30,21,42,30,27,36,42,45,57,54,69,81,81,60,84,96,75,105,99,105,126,123,135,132,141,165,171,213,159,177,183,204,222,264,204,276,270,300,309,282,315,345,315,330,324,378,357,318,342,288,243,246,189,147,117,96,81,57,33,21,18,12,30,75.1
1972,13293,369,195,567,123,54,54,219,204,117,135,156,240,432,675,993,1452,1692,1782,1611,1392,936,366,81,18,567,51,36,24,9,15,9,6,12,15,6,9,12,12,9,21,45,45,60,48,63,42,33,39,27,27,18,24,24,21,30,24,27,30,21,24,30,30,33,36,42,45,48,54,51,69,72,75,114,102,111,132,126,141,159,153,198,195,216,225,240,264,294,315,333,342,309,345,333,360,324,396,387,357,318,342,342,282,333,312,285,288,267,279,270,213,213,189,189,129,108,78,84,57,36,24,24,15,12,6,15,68.7,11508,267,156,423,111,54,51,93,66,60,75,102,183,282,387,555,810,1083,1353,1656,1800,1437,720,171,24,423,51,24,21,15,15,9,15,12,9,9,9,9,15,9,12,15,15,30,18,18,9,12,12,15,12,6,12,15,18,12,12,15,12,21,12,15,15,30,27,21,39,39,39,45,48,51,63,66,60,75,57,87,66,99,90,102,126,114,120,117,135,174,180,204,204,186,222,234,228,246,252,321,261,270,324,354,300,330,351,339,348,375,378,360,276,360,315,258,228,204,168,153,108,93,57,48,33,18,12,27,75.2
1973,13929,369,222,591,132,81,78,249,234,150,126,168,267,489,684,1092,1419,1857,1917,1608,1350,936,408,81,6,591,54,30,30,15,15,18,18,15,15,9,12,12,18,24,33,42,51,63,63,63,57,39,45,30,39,33,30,24,24,27,27,21,21,27,24,36,36,24,42,39,45,48,66,66,78,90,87,111,126,123,129,153,138,144,174,207,204,243,264,249,258,276,312,327,360,363,366,378,387,357,363,411,426,357,354,321,324,291,321,285,261,285,258,258,225,204,198,165,144,123,108,93,51,36,39,15,9,9,6,6,68.3,11385,225,168,393,105,48,30,90,66,60,93,120,162,267,399,561,804,1071,1338,1623,1764,1458,720,189,21,393,42,18,21,21,6,12,9,12,9,6,6,9,9,6,18,15,15,12,27,15,12,15,12,9,6,15,12,6,18,21,15,24,15,18,24,30,21,24,21,30,24,36,39,36,45,54,51,54,66,75,69,93,78,81,102,96,99,135,129,132,141,186,162,186,186,210,195,237,243,222,195,297,321,300,303,321,300,357,342,348,342,357,363,357,351,321,270,252,264,192,180,150,120,75,63,39,42,27,18,21,75.3
1974,13755,348,207,558,108,66,87,240,201,165,150,159,264,462,711,978,1464,1764,1956,1647,1317,963,408,75,6,558,39,27,27,18,12,15,15,9,18,12,6,15,21,33,30,45,42,72,54,45,45,33,30,42,48,36,30,27,27,30,24,36,36,27,30,27,33,36,39,45,39,48,63,66,66,75,96,102,120,141,123,144,150,153,174,177,192,195,237,267,261,261,306,372,366,321,321,384,375,396,351,405,399,405,366,348,315,306,312,264,249,264,261,276,258,219,183,162,141,132,81,75,54,63,27,27,6,9,6,6,68.7,11505,207,159,366,96,48,51,96,66,75,72,120,201,297,444,552,870,1023,1437,1605,1734,1422,735,171,27,366,36,21,24,18,12,12,6,3,15,9,9,3,15,15,12,21,24,15,18,15,18,9,9,15,12,21,9,21,15,15,18,9,15,15,24,24,24,21,30,36,36,39,57,36,54,51,60,54,78,78,69,93,90,111,84,105,123,126,111,168,168,165,174,195,201,213,189,180,237,252,270,261,330,324,261,303,324,357,363,339,348,318,366,360,312,348,264,276,225,204,168,135,129,96,72,33,30,21,12,24,74.8
1975,13803,333,204,534,132,96,66,231,207,156,135,174,252,486,738,942,1521,1794,1974,1638,1290,942,387,96,9,534,42,36,27,21,24,27,18,15,15,9,9,12,21,12,21,39,48,57,66,45,60,45,42,21,18,39,27,36,36,24,27,27,33,24,39,30,27,39,39,42,48,45,51,63,78,87,93,99,132,126,126,141,165,174,174,171,171,198,228,288,264,303,336,330,336,333,342,354,429,378,363,357,414,459,363,357,300,333,288,267,246,291,255,234,240,216,174,153,162,117,90,81,60,39,36,24,15,12,9,9,68.6,11310,213,156,372,108,48,45,72,78,90,96,123,162,252,417,534,867,1020,1410,1518,1686,1452,732,225,21,369,48,30,9,15,6,12,12,9,9,6,9,12,9,9,15,15,15,15,12,18,12,21,15,15,15,21,15,18,21,15,12,18,18,33,18,24,18,33,30,27,24,33,36,42,51,36,48,60,54,78,66,84,87,102,102,84,99,126,117,144,156,189,195,183,192,186,207,222,207,273,234,267,285,351,303,273,282,309,351,345,294,354,306,384,357,309,285,267,231,234,165,144,108,81,78,54,39,27,24,18,74.9
1976,13983,249,186,438,108,63,72,240,240,153,132,174,246,450,702,990,1425,1881,2097,1833,1308,918,414,102,6,438,30,21,30,21,18,15,9,12,9,9,12,12,15,18,21,45,63,63,51,51,54,42,39,54,33,27,30,33,27,27,24,21,30,33,21,36,42,33,42,33,48,42,54,69,69,72,84,114,108,126,117,150,144,165,177,183,201,198,234,240,264,255,339,324,375,357,396,357,399,423,399,432,426,414,420,450,312,321,330,282,255,261,249,258,204,240,192,156,132,120,105,84,54,51,24,33,21,15,9,6,69.2,11472,177,150,330,84,36,48,84,72,75,69,108,195,294,399,600,813,1080,1410,1665,1689,1428,705,258,33,327,36,18,18,9,9,9,3,6,6,9,12,9,15,6,15,18,21,12,18,21,9,15,15,12,12,12,18,15,21,15,12,12,15,18,18,24,21,27,18,33,33,42,45,45,57,54,48,63,69,69,90,84,66,87,114,123,108,111,147,141,162,168,153,189,192,183,225,234,243,252,258,315,279,312,330,369,300,351,315,345,312,327,369,336,276,354,288,252,255,195,159,141,117,93,84,75,42,45,12,33,75.1
1977,14316,255,216,471,111,66,75,297,279,207,165,183,264,459,711,999,1422,1884,2097,1920,1365,855,369,111,12,471,39,24,27,24,18,9,18,12,9,9,12,12,21,18,33,54,63,84,63,78,69,51,39,39,42,36,42,45,45,30,36,36,33,30,30,51,30,36,39,48,42,60,60,54,60,75,96,105,117,123,114,150,153,168,162,201,192,198,243,243,246,285,300,348,360,357,369,420,378,390,411,432,435,432,381,426,420,357,336,297,273,285,243,267,198,192,186,159,120,120,93,72,51,36,39,27,15,21,9,15,68.9,11646,177,123,300,75,63,45,111,90,93,96,114,195,297,426,558,840,1137,1443,1632,1677,1443,753,222,36,300,27,21,15,12,18,12,9,12,9,12,6,9,3,15,15,27,24,27,15,15,12,18,24,21,18,15,15,24,21,21,12,18,27,18,21,24,24,24,21,27,30,39,51,48,42,60,66,69,60,81,69,72,81,120,90,123,126,93,126,159,138,174,189,186,201,222,231,237,249,264,270,270,312,330,294,321,375,312,327,330,321,363,327,339,312,339,285,252,252,207,195,129,126,102,84,48,42,30,18,36,74.8
1978,13599,219,201,420,93,57,69,234,246,174,135,189,240,444,684,981,1419,1815,2139,1821,1191,810,351,72,9,420,27,24,21,21,9,12,12,12,9,12,6,9,18,24,24,39,60,60,54,51,57,54,42,39,39,33,36,33,33,21,39,24,18,30,39,36,36,39,36,39,45,36,54,63,57,87,99,93,105,105,108,144,153,171,174,171,216,225,195,213,246,291,324,342,336,345,345,372,420,411,408,444,450,426,414,342,384,360,318,279,246,228,237,201,192,165,150,162,144,99,72,66,69,48,24,18,12,15,3,12,69.0,11070,156,123,279,66,42,36,96,66,72,93,108,183,288,405,546,771,1080,1377,1623,1602,1359,750,198,27,282,18,18,15,15,12,6,6,9,9,9,9,3,3,12,15,27,27,15,15,18,12,15,12,12,12,12,15,18,12,18,18,18,30,12,15,18,27,30,24,36,27,30,48,45,33,57,60,66,72,72,75,93,81,87,78,102,105,129,135,120,144,153,177,177,189,210,201,246,237,249,258,267,303,300,297,288,363,351,321,342,303,339,309,309,312,297,255,255,243,207,153,165,141,87,72,45,39,30,15,24,75.1
1979,13944,216,180,393,84,54,63,240,219,159,162,171,237,420,720,999,1383,1851,2142,2055,1392,780,324,87,6,393,33,21,12,15,15,9,12,12,6,9,9,12,15,15,33,27,57,60,60,60,51,48,30,30,27,45,36,24,27,33,30,39,30,27,24,33,39,42,27,45,39,51,42,60,69,72,84,84,108,105,141,138,168,165,162,189,192,222,234,252,252,270,267,342,348,330,399,399,375,387,441,432,444,438,396,438,393,432,393,348,282,273,270,219,174,213,150,132,114,96,84,69,45,36,36,21,18,9,6,6,69.5,11397,129,129,261,69,45,39,78,81,84,69,114,147,246,384,555,780,1134,1506,1680,1671,1395,780,240,42,261,27,18,9,15,6,12,9,12,6,3,9,6,12,6,9,18,21,18,18,18,18,12,15,15,27,12,12,24,15,18,21,9,9,9,15,9,33,30,27,30,24,30,24,39,45,39,48,63,51,69,69,66,84,93,99,84,99,144,132,138,129,165,174,177,210,201,246,243,234,258,294,282,297,372,315,315,339,354,354,342,336,348,333,312,294,321,294,252,231,225,207,132,126,84,81,60,45,30,27,42,75.3
1980,14322,177,183,360,75,57,57,207,243,207,156,165,210,345,633,996,1353,1908,2175,2175,1548,906,426,108,12,360,36,12,15,12,9,12,9,15,12,9,9,9,9,21,21,27,48,57,54,60,60,42,45,30,45,36,45,45,36,30,39,27,30,27,27,30,33,33,39,42,45,42,36,48,63,57,63,78,87,99,102,123,156,153,153,204,186,210,240,240,222,288,300,297,351,366,381,387,420,429,417,435,459,435,459,483,408,396,426,360,324,333,291,240,252,186,183,150,135,105,111,87,63,60,39,27,24,15,3,12,70.4,12357,117,174,291,63,36,42,99,102,81,99,108,156,285,369,597,801,1278,1533,1830,1869,1494,927,267,33,291,24,18,9,12,12,6,6,6,9,6,6,9,12,9,15,18,21,24,24,18,24,18,27,12,12,24,24,15,9,24,9,21,24,18,24,21,21,24,21,24,30,27,42,33,51,48,57,63,69,63,57,84,75,87,99,108,126,120,141,156,132,144,192,183,234,240,252,294,261,294,276,306,330,330,363,348,366,357,393,429,348,375,375,342,342,324,306,282,243,237,204,225,156,108,87,63,54,36,27,33,75.7
1981,13671,162,177,339,99,51,57,219,234,144,177,159,255,381,633,1023,1287,1827,2127,1968,1407,813,366,90,15,342,39,27,12,18,12,12,9,9,9,6,12,9,9,21,27,33,48,60,51,57,54,51,39,33,39,21,33,18,33,33,36,39,36,33,24,24,36,33,39,45,51,42,63,54,54,72,72,84,102,108,93,129,156,150,165,222,195,225,216,252,237,246,252,297,336,324,387,384,396,408,387,432,447,453,426,408,387,384,366,372,336,258,222,222,192,189,159,168,108,114,72,66,69,42,33,21,18,15,6,12,69.9,11481,120,132,252,63,27,42,99,93,75,78,102,174,222,357,546,744,1161,1431,1641,1773,1467,852,249,36,252,21,24,6,9,3,9,3,9,3,6,6,6,6,12,21,18,24,21,18,21,15,24,18,15,18,12,15,9,21,12,15,15,15,21,18,24,12,24,21,36,27,30,45,36,33,42,39,63,48,57,63,69,78,90,87,108,105,117,132,114,159,138,174,159,192,240,231,249,249,273,270,294,279,315,333,351,300,342,315,363,351,387,321,348,348,300,276,288,252,237,204,174,120,114,84,75,42,33,15,39,75.8
1982,13830,141,195,333,69,45,48,210,261,180,165,183,240,345,573,987,1368,1848,2121,2010,1575,798,384,87,12,333,27,18,12,12,15,6,9,9,6,9,6,9,9,15,21,27,51,60,51,60,54,54,48,45,36,33,39,30,39,33,39,24,30,42,33,30,42,45,36,54,42,36,51,54,57,69,78,66,72,90,105,126,111,141,138,207,207,213,219,261,252,297,240,321,267,360,411,420,390,420,405,420,426,444,408,432,390,429,354,378,342,318,285,246,231,168,156,123,123,105,93,84,69,30,33,18,15,12,6,12,70.2,11700,123,129,255,63,36,27,78,84,63,105,120,159,261,372,588,750,1116,1491,1638,1782,1503,843,297,60,255,24,18,12,6,12,6,6,9,9,3,6,3,6,12,15,12,21,18,12,15,24,12,18,15,12,12,15,15,15,21,15,21,24,24,27,21,21,18,30,21,33,33,39,33,45,51,42,48,72,57,78,78,84,78,90,108,117,126,150,129,147,165,153,162,192,192,225,246,261,264,267,312,321,330,300,339,366,324,306,354,390,351,348,339,333,330,306,273,258,234,192,174,126,114,90,81,60,33,33,63,75.9
1983,13977,141,213,351,63,48,54,198,279,168,150,171,234,363,537,999,1356,1791,2124,2193,1572,846,366,99,15,354,18,21,15,12,6,9,6,12,12,9,6,9,15,18,33,36,33,57,42,66,57,60,39,57,39,36,36,30,30,33,30,33,24,30,30,33,30,33,42,42,39,45,60,51,54,72,84,75,84,87,81,111,99,159,162,180,186,231,237,246,240,294,288,282,318,330,354,372,417,366,426,462,414,453,474,456,465,423,378,387,315,345,270,255,228,183,192,147,102,99,90,60,66,48,36,24,21,9,9,15,70.6,12012,138,141,279,45,33,36,81,102,66,99,123,162,210,348,495,816,1116,1554,1761,1953,1524,867,300,39,282,18,9,9,12,6,9,6,6,6,9,9,3,9,6,15,18,12,18,18,27,21,24,12,15,9,9,18,12,18,12,15,15,30,27,33,21,18,24,30,21,30,27,42,45,33,36,39,66,36,66,57,66,78,81,81,93,111,93,114,123,168,180,180,162,174,198,225,252,267,285,288,327,333,324,330,327,369,372,363,405,336,414,414,381,375,306,300,267,276,231,183,174,156,123,108,75,54,33,30,39,76.3
1984,13773,132,219,354,84,45,51,201,231,159,186,183,246,324,558,942,1326,1638,2166,2133,1611,879,336,99,15,351,36,15,18,12,12,12,6,6,9,3,12,3,15,18,27,30,45,51,51,54,57,30,42,51,39,33,45,27,15,36,39,42,36,33,39,30,36,42,33,36,42,63,51,57,54,60,69,57,84,96,84,108,126,144,147,168,186,213,225,243,234,279,294,276,294,306,297,354,387,405,435,450,450,423,468,456,411,408,390,396,324,324,297,267,240,189,189,153,105,96,87,66,48,39,27,33,15,15,9,15,70.9,11604,96,147,246,36,27,33,72,90,75,96,99,156,201,351,522,762,1059,1494,1818,1794,1485,861,294,39,243,15,9,9,3,6,6,6,9,6,6,6,3,9,9,15,15,18,12,15,12,21,27,18,12,12,9,18,18,15,21,24,15,15,18,18,18,24,24,18,21,30,27,39,42,39,36,33,45,45,57,57,66,75,96,81,93,114,117,111,144,126,165,159,168,156,183,228,243,249,243,300,282,342,324,330,360,366,360,402,396,312,345,366,375,306,294,330,294,261,231,186,180,144,120,96,72,60,39,24,36,76.4
1985,14529,144,177,321,57,45,54,228,237,201,153,165,252,357,552,960,1416,1719,2211,2307,1800,972,402,99,18,321,24,18,12,3,6,12,6,9,9,9,3,12,12,18,39,33,45,57,57,42,45,51,51,45,42,39,48,36,30,36,30,27,30,27,30,30,33,33,36,51,36,48,57,54,60,78,72,81,66,84,90,111,135,138,159,150,213,219,219,264,255,273,312,309,324,279,342,372,402,366,426,465,462,495,486,459,468,438,453,399,396,378,327,297,264,240,204,150,120,123,93,81,60,51,36,27,15,12,9,15,71.4,12951,96,141,237,57,39,42,78,87,87,90,138,159,249,333,534,834,1095,1587,1944,2007,1788,1119,378,66,237,21,21,6,9,12,12,3,6,9,6,6,9,9,9,15,18,21,15,12,24,15,15,15,15,24,18,15,18,15,15,24,9,24,15,21,33,21,30,30,30,24,27,30,42,51,45,45,48,60,57,66,54,78,81,81,81,126,132,114,141,159,168,168,198,195,186,219,234,258,282,318,306,327,351,360,387,411,357,426,417,402,411,369,405,447,381,348,324,291,300,252,213,183,171,129,93,81,45,33,66,77.2
1986,14532,150,186,336,87,27,66,234,267,213,180,225,237,330,570,888,1410,1698,2259,2247,1743,1017,375,105,12,336,33,27,12,18,9,9,6,3,3,9,12,18,12,12,24,33,36,60,84,51,60,54,63,45,48,45,42,39,39,39,45,30,36,36,33,42,39,66,45,45,42,42,48,57,54,60,72,66,78,90,90,111,132,144,156,153,174,192,216,249,243,270,312,336,345,333,300,351,363,408,441,444,501,465,447,486,483,438,396,417,387,348,309,285,288,228,189,180,132,123,84,75,51,42,36,30,24,9,9,12,71.2,12516,111,144,258,48,36,33,75,81,81,102,123,156,216,315,552,792,1065,1524,1986,2058,1599,1005,360,51,255,21,12,6,6,6,15,6,6,6,6,6,9,9,6,15,18,21,9,12,15,21,15,15,15,15,12,18,18,18,21,15,21,24,21,21,18,24,24,33,33,15,33,36,39,42,30,45,51,48,48,63,75,60,69,105,99,108,111,132,129,153,141,180,183,195,210,192,231,237,273,285,336,303,324,372,420,363,405,423,441,381,417,426,393,369,339,333,300,261,243,234,204,177,147,93,99,78,48,39,51,77.0
1987,14466,132,171,303,60,45,60,237,282,213,192,198,228,345,567,906,1308,1716,2175,2274,1794,1068,387,96,12,303,24,12,18,3,9,9,12,3,12,9,9,15,9,21,27,39,48,57,66,75,60,51,54,42,45,48,39,54,33,45,39,27,39,39,36,33,39,48,39,30,42,51,60,48,54,57,69,81,84,108,114,108,117,120,141,153,192,204,222,231,243,249,279,303,327,348,348,336,357,381,423,450,468,450,459,456,477,462,423,426,384,387,321,276,267,249,231,165,156,102,99,75,72,39,33,18,21,15,9,12,71.5,12954,96,156,252,51,27,33,90,93,96,96,129,156,243,366,516,810,1107,1629,1974,2109,1758,1026,327,72,252,12,18,12,9,6,6,6,6,6,3,6,3,6,15,18,12,15,15,27,21,18,12,15,21,21,21,18,12,24,18,21,18,18,21,27,15,30,33,24,39,21,36,33,27,48,42,54,54,51,63,75,75,78,78,81,96,108,117,114,150,144,171,165,177,201,222,234,219,234,285,291,348,315,393,375,375,402,426,396,387,417,444,450,414,387,372,357,342,297,276,213,210,186,141,123,72,69,42,24,69,77.1
1988,14568,159,198,360,66,36,45,216,276,219,192,207,264,345,492,858,1395,1698,2061,2382,1869,1110,363,102,12,357,30,9,18,12,15,3,9,9,3,6,6,6,15,9,15,24,51,57,63,51,57,57,57,51,54,42,48,33,42,42,30,39,39,45,30,48,54,42,30,42,57,54,54,60,54,63,75,81,72,84,99,108,90,111,135,159,177,180,210,249,267,273,327,282,318,339,375,336,327,348,402,432,444,435,510,468,489,498,420,450,417,366,342,297,261,279,243,198,129,108,78,72,57,51,30,24,18,18,12,15,71.7,12840,111,150,261,48,30,33,84,93,96,96,123,165,234,324,450,732,1116,1491,1959,2196,1842,1041,375,57,261,18,15,12,6,9,9,6,3,3,3,3,9,9,9,9,15,24,21,15,15,24,15,18,18,24,21,18,15,15,18,21,18,21,21,27,27,21,24,27,36,36,30,30,36,39,48,48,42,57,48,42,66,84,81,84,72,93,99,99,129,114,153,168,165,204,207,252,234,219,234,246,333,318,357,381,378,384,399,417,429,453,417,432,465,384,399,384,360,312,291,237,204,162,144,129,90,72,51,33,57,77.8
1989,14331,138,213,348,72,39,45,246,282,216,195,189,267,345,516,744,1299,1743,1986,2313,1878,1098,396,102,9,348,24,24,12,12,6,12,9,3,12,3,9,9,9,15,24,33,57,57,75,66,72,36,54,54,45,51,39,36,45,48,27,36,33,48,36,51,36,36,36,42,57,54,54,60,54,54,69,72,93,87,111,111,108,102,123,117,144,183,177,201,246,261,270,321,297,327,360,408,351,351,369,390,402,474,477,477,465,450,444,450,444,345,336,303,282,240,231,186,156,129,93,57,63,51,36,21,18,18,12,9,71.7,12711,120,123,243,42,27,21,90,81,69,87,117,177,252,339,465,759,1035,1470,1947,2220,1752,1065,378,72,243,12,9,15,6,6,3,6,9,0,3,0,3,6,9,15,18,18,24,18,15,15,15,18,18,9,15,15,15,18,15,9,18,21,24,21,24,18,21,27,27,24,39,39,48,42,45,57,57,48,69,48,66,72,87,60,93,108,93,111,141,153,135,159,168,201,210,216,210,201,237,282,303,300,345,408,372,375,414,372,438,471,456,459,396,387,369,330,366,300,273,246,204,192,153,117,93,78,60,27,72,77.8
1990,13971,147,150,297,81,36,39,213,297,216,189,195,261,336,468,765,1224,1698,1965,2250,1890,1083,372,84,15,294,30,24,15,15,9,6,12,6,3,0,9,9,9,9,18,33,54,45,66,69,63,51,51,63,48,51,39,42,36,36,33,30,48,42,33,33,48,36,45,51,45,45,69,51,57,57,63,81,75,78,69,93,105,123,123,129,156,162,192,219,216,234,273,282,294,300,360,354,393,360,333,408,438,426,465,429,480,420,453,426,414,384,342,327,285,276,192,171,159,105,96,72,60,39,30,21,15,9,9,15,72.0,12561,102,102,204,39,18,21,84,78,87,93,114,186,261,363,504,738,1083,1461,1836,2151,1716,1059,366,96,204,18,12,3,6,3,6,6,3,3,6,3,3,3,3,12,12,24,15,21,15,15,21,12,15,18,18,24,12,18,15,21,21,15,21,21,15,21,30,21,33,36,33,39,45,48,54,48,51,60,57,69,63,87,84,75,102,99,108,120,111,132,168,150,177,201,186,213,243,240,243,249,288,324,357,348,324,363,414,384,432,453,438,399,423,393,336,363,303,321,297,243,201,186,132,126,90,63,45,42,96,77.7
1991,13764,147,147,294,57,33,51,171,252,192,180,228,279,348,468,702,1206,1698,1929,2175,1869,1089,420,111,15,294,15,15,15,9,9,6,6,12,6,9,6,15,6,18,12,30,33,45,51,57,45,39,57,51,39,33,36,48,39,33,42,36,33,39,51,48,42,36,51,54,48,63,54,60,51,51,66,87,90,90,87,84,99,105,123,120,129,147,183,216,201,225,264,303,345,309,369,318,357,381,414,366,378,393,408,405,480,426,459,393,399,375,357,345,273,255,243,174,138,120,117,90,54,39,36,30,18,6,15,12,71.8,12624,108,93,201,42,30,18,69,75,75,105,141,198,237,348,447,723,1071,1407,1866,2172,1854,1074,375,102,198,18,12,9,3,9,3,6,9,6,3,3,3,3,3,12,6,9,21,18,12,15,15,15,15,18,15,9,15,15,21,15,21,27,21,21,24,24,33,39,30,33,45,42,48,42,57,45,36,60,66,75,57,78,69,78,90,93,84,102,138,129,132,162,162,171,192,213,225,267,270,273,261,300,306,321,366,399,387,393,438,414,450,414,453,399,420,378,348,309,303,246,198,177,150,120,102,60,51,42,102,78.1
1992,14478,129,126,252,63,36,48,180,249,213,189,219,240,336,528,744,1203,1770,1983,2229,2076,1284,498,117,15,252,27,15,9,12,6,9,6,9,3,6,6,9,9,18,24,24,30,51,51,54,45,57,54,36,48,36,45,39,45,45,36,45,27,33,48,45,42,45,39,48,39,48,54,54,60,63,66,75,69,84,99,108,111,126,120,147,138,153,186,174,207,234,261,330,321,336,336,387,387,399,414,387,381,405,402,459,420,459,486,462,411,435,411,354,291,294,279,210,210,171,111,105,54,57,45,27,24,12,9,15,72.4,12639,87,87,174,39,33,24,63,81,63,87,120,171,249,339,426,660,999,1437,1887,2244,1944,1119,396,81,174,18,6,6,9,6,9,9,6,3,3,3,3,6,9,3,12,18,18,15,12,12,12,21,21,12,9,15,12,15,18,21,18,15,18,18,18,30,27,27,24,42,33,30,39,51,45,54,48,51,63,66,63,72,81,81,60,90,105,87,96,129,126,138,171,183,192,156,222,246,282,270,300,288,300,369,354,342,402,414,447,435,450,471,441,432,405,414,351,342,327,252,216,168,156,114,123,72,51,36,81,78.7
1993,14106,114,120,234,54,21,30,180,261,180,171,228,282,336,519,678,1116,1635,2016,2277,1962,1266,531,123,12,234,24,18,6,6,6,3,0,3,6,6,6,9,6,3,9,30,42,45,54,60,72,39,48,42,39,33,42,36,33,48,27,33,27,36,33,54,48,48,48,45,48,66,69,57,63,69,72,66,69,66,93,111,114,132,129,126,132,141,150,186,204,219,255,258,273,312,291,369,387,378,405,417,435,384,444,453,429,477,474,417,393,405,375,369,354,282,258,204,174,147,120,123,84,57,51,27,18,15,9,15,72.9,12993,99,87,189,57,21,27,66,78,72,90,102,192,234,357,471,684,1026,1437,1905,2289,2034,1155,426,84,186,21,18,6,12,3,6,0,6,3,3,6,3,6,6,9,15,9,18,18,15,15,24,9,12,9,12,15,15,27,21,12,18,15,24,24,21,15,21,18,33,36,45,30,42,36,51,42,42,60,63,75,57,72,93,72,87,93,108,111,108,111,144,171,153,165,192,222,225,219,261,240,291,324,324,345,333,378,414,435,474,420,417,495,477,450,447,423,378,336,309,294,222,162,165,141,105,84,63,33,84,78.8
1994,14088,105,105,210,60,30,36,132,204,198,207,198,255,342,498,654,1056,1677,2061,2130,2091,1323,576,117,24,210,27,12,12,9,9,12,6,3,3,9,3,3,6,9,12,18,30,33,42,36,39,57,33,39,51,36,30,45,33,39,51,42,42,30,39,36,42,42,39,54,39,57,60,48,51,63,84,69,81,81,93,93,105,123,126,141,117,135,135,168,183,210,222,267,306,321,318,366,366,378,402,417,423,441,387,417,444,414,471,489,435,384,414,372,330,300,303,213,183,168,153,114,78,63,39,30,21,18,6,27,73.2,12867,84,105,189,39,21,15,69,72,69,96,120,165,222,360,435,675,942,1467,1782,2271,2073,1254,435,93,189,18,9,6,6,6,3,6,3,6,3,3,3,3,3,9,9,6,24,21,15,12,15,12,15,9,12,12,21,15,21,15,15,27,21,27,18,24,21,30,18,27,39,33,45,39,39,45,51,48,66,54,78,75,87,78,69,93,102,96,126,117,120,165,150,180,186,192,174,213,252,267,294,315,336,309,309,369,390,408,450,462,480,450,426,471,435,417,399,348,321,282,237,240,174,132,123,75,66,39,93,79.2
1995,14457,87,117,204,48,33,39,159,246,216,192,183,246,384,525,705,1038,1677,2079,2211,2079,1434,609,141,15,204,24,9,6,9,9,6,0,12,6,9,6,3,6,12,15,24,39,33,48,48,45,45,54,48,48,42,36,42,48,39,39,39,39,30,30,39,39,36,42,39,48,45,51,63,63,72,84,78,84,81,108,87,117,132,120,135,138,153,159,186,162,210,219,261,294,282,360,363,381,420,366,408,429,456,453,423,402,462,471,426,477,435,393,348,354,336,282,246,210,192,132,105,105,72,57,30,21,18,9,15,73.3,13356,93,87,180,45,21,21,63,87,75,102,135,174,276,384,456,636,975,1461,1854,2301,2133,1377,483,111,180,18,3,6,12,6,3,3,3,6,0,6,3,6,6,9,15,12,15,12,15,12,15,15,27,15,15,18,12,12,24,15,15,24,24,30,21,36,27,18,30,33,39,30,39,42,51,45,66,72,66,57,78,108,75,81,93,96,72,111,111,117,123,123,165,210,162,198,189,219,249,264,291,321,339,384,348,348,363,414,420,444,483,489,471,501,465,408,390,372,390,303,240,249,195,147,129,96,63,48,111,79.3
1996,14451,117,105,222,54,30,33,171,201,198,201,213,216,381,504,717,1062,1605,2082,2148,2139,1473,648,135,18,222,21,12,12,9,6,3,9,3,9,9,6,6,6,9,15,48,36,42,33,48,33,36,33,45,42,45,42,39,33,36,33,45,42,45,42,42,42,48,42,39,36,51,45,39,60,72,81,93,78,75,96,99,117,117,123,150,126,153,165,189,180,216,234,243,273,309,309,327,384,408,396,396,426,459,456,465,396,423,408,477,420,399,429,414,396,312,300,243,222,174,159,135,111,66,54,30,27,15,12,21,73.5,13803,96,90,183,42,24,33,84,66,75,105,120,147,309,345,453,669,1008,1449,1911,2484,2241,1410,537,105,186,21,9,9,6,6,6,6,3,6,3,3,9,6,9,15,18,18,21,15,12,12,15,15,15,15,15,18,15,15,15,15,24,24,24,12,30,24,33,24,27,30,30,27,36,48,60,63,66,66,72,69,69,57,72,72,87,93,84,108,120,96,147,141,165,162,192,219,201,234,243,255,312,309,330,384,366,354,393,417,441,489,507,537,507,471,450,489,441,387,366,303,324,240,180,180,132,90,75,57,102,79.7
1997,14238,108,105,216,60,33,30,168,180,201,189,213,279,357,531,690,969,1584,2010,2091,2175,1437,642,162,12,216,18,27,6,9,9,3,6,6,6,6,6,6,6,9,21,27,33,36,54,51,30,24,30,42,39,42,42,36,39,36,39,39,30,51,48,42,36,45,42,60,48,51,72,48,69,75,54,66,96,111,87,114,105,120,123,129,141,141,156,174,162,201,207,228,258,312,300,342,372,372,432,405,396,408,438,462,426,360,402,486,381,465,450,396,387,336,273,240,198,192,159,129,84,78,66,39,27,12,18,12,73.5,13233,87,75,162,39,18,30,69,63,87,108,108,180,267,357,498,570,936,1344,1755,2355,2250,1473,462,111,162,18,12,6,3,3,6,3,0,3,3,12,3,6,9,12,12,12,21,12,15,15,12,9,12,18,21,18,12,15,15,15,21,21,36,18,21,30,21,21,33,45,39,36,27,45,48,48,63,57,60,57,78,60,102,78,105,105,87,123,93,108,102,129,132,150,183,198,189,213,255,243,267,279,300,345,315,369,336,387,447,414,513,471,510,447,462,438,447,456,387,351,291,249,192,150,120,93,57,42,111,80.1
1998,13536,96,87,186,48,33,45,129,174,192,171,228,276,339,468,696,954,1422,1887,2097,1956,1416,636,168,12,186,24,9,15,6,6,12,9,6,3,3,6,12,9,12,15,30,30,30,27,33,39,30,36,36,30,42,36,48,39,21,36,36,30,45,36,27,51,60,54,54,51,63,51,60,66,60,54,72,87,78,84,111,87,111,126,126,138,144,162,171,174,195,192,222,213,273,282,321,336,348,375,360,396,405,405,450,423,414,405,411,402,408,366,372,360,303,306,237,207,168,162,138,96,72,63,42,33,18,12,12,73.8,12669,75,45,120,33,18,27,78,45,57,105,120,198,234,342,471,606,885,1245,1782,2187,2142,1362,495,108,120,15,3,9,9,6,3,6,3,3,3,6,6,3,9,12,21,18,12,15,9,6,12,6,12,15,15,12,6,12,15,18,18,27,27,21,21,21,24,33,36,39,36,42,45,48,33,42,60,51,60,75,66,69,75,72,84,90,105,123,129,108,108,129,129,153,159,189,168,219,240,237,228,261,276,336,342,354,399,351,357,447,456,456,471,468,420,462,396,396,372,318,261,225,186,180,129,99,60,27,108,79.9
1999,14274,93,96,192,42,27,36,123,159,180,168,216,252,360,525,744,984,1335,1986,2382,2058,1572,723,177,27,189,18,6,12,9,6,3,6,3,3,3,9,3,9,15,12,21,24,42,30,36,33,30,33,27,45,36,36,33,33,33,27,33,36,42,36,45,45,45,48,36,51,42,54,69,54,72,84,78,75,87,96,123,108,108,129,129,141,156,186,150,189,186,204,252,213,249,270,285,309,342,360,408,444,432,465,483,465,501,468,390,417,459,429,366,375,348,333,255,261,213,162,156,105,84,60,45,30,24,15,27,74.5,13848,69,57,126,33,15,30,75,60,60,87,126,198,249,357,483,642,918,1350,1890,2253,2499,1659,594,141,126,6,9,6,6,3,3,3,6,3,3,3,3,3,15,12,15,12,9,27,9,9,15,15,9,12,12,12,9,15,18,18,12,18,21,21,24,27,30,27,39,39,33,42,42,36,48,45,54,66,66,66,87,60,78,87,99,84,111,102,111,129,138,135,129,174,156,162,204,222,216,270,279,267,321,339,348,372,399,432,387,435,447,465,522,549,552,465,516,420,444,375,351,273,225,189,156,99,90,60,141,80.6
2000,13749,105,87,192,51,24,45,123,150,165,189,195,264,357,501,660,855,1335,1869,2301,2031,1560,696,177,15,189,15,15,15,9,6,0,3,3,3,6,6,9,9,15,15,21,30,30,27,30,24,30,30,36,39,27,30,36,36,39,30,45,36,39,42,27,45,45,39,54,48,51,54,54,60,72,84,63,81,93,87,96,114,111,108,135,120,123,171,153,183,165,183,168,207,213,267,312,336,333,381,384,384,390,411,444,468,474,504,504,357,402,375,396,369,360,291,288,249,210,168,114,114,90,51,48,33,30,18,15,74.8,12909,96,60,156,36,27,18,45,39,72,78,111,180,252,369,477,606,822,1224,1743,2145,2304,1524,552,120,156,12,15,3,6,3,6,9,6,6,6,6,3,0,6,6,6,15,6,12,9,6,9,9,9,12,21,15,12,12,15,12,18,18,12,15,21,21,27,27,21,51,30,33,45,42,36,60,57,63,66,66,78,72,90,75,87,96,108,108,114,114,129,120,126,132,135,168,186,198,213,231,216,282,279,297,276,366,402,402,435,378,417,462,456,492,477,468,444,423,393,378,279,258,219,177,141,93,78,63,123,80.5
2001,13983,81,96,174,39,24,36,132,159,135,183,195,267,312,507,639,930,1272,1986,2193,2046,1716,837,180,24,174,18,12,6,3,3,6,6,3,0,3,9,9,6,12,12,27,30,27,33,27,36,39,27,30,18,27,30,21,36,33,33,36,39,45,36,30,45,42,39,54,42,39,69,63,51,48,63,69,81,81,102,102,114,105,114,123,114,129,156,165,159,207,195,204,234,204,261,276,297,351,381,408,390,459,450,417,429,411,486,426,435,390,423,369,378,375,372,315,276,234,198,168,132,102,66,45,33,24,12,24,75.0,13842,75,45,123,36,27,27,60,48,60,84,111,168,246,384,441,678,840,1206,1803,2379,2607,1731,666,117,120,18,9,3,6,9,6,6,3,3,3,6,3,6,6,6,9,18,12,12,6,12,15,9,12,6,12,15,12,15,12,18,27,12,18,18,21,24,30,21,24,39,36,33,39,42,48,51,54,51,63,66,81,87,87,75,84,72,105,102,123,129,141,150,138,138,159,162,180,204,210,192,231,294,282,312,336,360,375,423,441,510,432,453,537,549,531,525,534,471,390,396,378,315,255,192,165,129,105,69,117,81.3
2002,14022,99,57,153,45,27,36,117,135,141,156,207,267,354,513,690,924,1236,1815,2256,2151,1767,792,210,27,153,27,0,6,9,3,9,9,3,3,3,6,6,9,12,15,15,24,39,27,30,27,33,21,24,36,27,18,24,36,27,36,27,36,33,27,48,39,48,42,63,45,51,60,48,72,72,60,60,84,75,96,117,99,126,141,117,126,144,162,156,183,189,195,204,210,237,249,261,279,294,348,360,381,432,384,450,489,492,438,486,471,447,369,381,408,363,357,360,276,231,195,129,144,93,84,54,39,21,15,30,75.5,14043,90,54,144,36,21,21,51,57,66,93,123,177,252,345,492,633,804,1260,1836,2307,2616,1875,702,138,147,21,6,3,3,6,6,3,9,3,3,6,0,6,3,3,12,12,15,12,12,9,9,15,9,9,9,12,24,15,21,15,12,18,27,30,18,15,24,33,36,27,48,30,33,54,36,54,48,60,45,57,72,87,81,99,81,108,108,99,117,138,144,126,111,144,153,165,168,177,201,249,270,273,267,318,327,390,384,414,429,468,468,423,519,519,507,573,549,468,468,417,396,324,267,219,210,126,96,48,138,81.4
2003,14022,93,72,165,39,21,39,138,132,129,174,201,279,366,516,693,915,1185,1755,2235,2295,1677,852,195,21,165,12,12,6,6,3,0,9,3,6,0,9,9,9,12,12,30,33,36,30,33,27,27,21,24,27,21,24,27,27,33,24,39,36,39,39,39,39,36,48,63,63,54,51,51,69,69,78,63,84,81,84,96,123,129,126,138,135,123,171,141,180,183,192,219,213,195,237,261,279,321,342,342,372,378,402,471,447,465,447,489,462,489,465,390,345,372,336,327,294,249,201,171,126,102,69,57,27,24,18,18,75.7,13989,69,42,114,39,15,18,75,54,54,87,126,186,267,375,492,621,828,1221,1722,2346,2589,1920,705,132,111,18,6,6,9,3,6,3,3,0,3,3,3,6,3,9,18,15,18,18,18,15,9,6,9,15,6,12,12,12,15,18,18,12,21,27,24,24,21,36,36,27,36,42,51,48,51,51,57,60,57,63,81,96,81,111,84,87,90,123,99,96,138,132,156,144,153,183,174,180,213,219,255,264,270,276,324,348,396,384,438,483,495,492,441,522,531,504,507,525,477,420,360,348,312,222,183,120,111,75,132,81.5
2004,14076,93,75,171,36,18,36,129,141,129,123,207,255,387,486,675,894,1209,1674,2250,2403,1701,894,231,33,168,15,9,9,6,3,3,3,0,6,0,3,9,3,18,18,24,30,33,27,27,36,24,30,27,27,15,24,27,33,30,18,30,21,24,39,42,42,42,42,42,51,39,57,63,69,72,78,84,81,90,84,90,105,114,123,138,135,120,162,147,159,192,204,189,192,240,246,252,276,273,315,315,369,396,399,441,429,504,483,510,456,498,486,453,387,354,330,327,297,270,210,171,150,96,81,63,36,30,21,30,76.2,14343,87,66,153,27,15,18,66,48,45,87,129,186,276,387,501,660,813,1185,1713,2451,2703,2022,726,135,153,12,6,3,6,3,6,3,3,0,0,3,3,6,6,9,12,15,21,9,9,9,15,15,6,6,12,6,12,9,12,18,18,18,24,24,27,27,21,27,27,33,33,42,54,42,48,69,66,54,66,75,78,90,81,93,99,102,96,111,117,123,132,141,141,144,135,144,189,201,192,213,237,270,276,300,324,333,375,375,399,468,486,546,558,540,498,594,534,537,504,465,411,327,312,219,171,144,117,75,135,82.0
2005,13431,111,63,174,30,21,33,141,156,126,141,198,297,351,492,729,882,1134,1506,2046,2274,1629,867,192,18,171,15,9,3,6,6,0,6,3,6,3,6,3,12,9,12,30,30,39,33,24,33,33,33,33,30,27,24,24,18,21,18,33,39,27,36,33,45,39,42,48,57,63,63,69,63,63,66,84,78,93,102,81,102,120,138,129,150,150,159,153,183,159,171,213,237,231,198,246,216,246,267,309,318,363,369,375,417,414,471,465,465,468,435,444,408,312,297,324,282,246,213,168,132,108,60,54,27,27,24,18,75.8,13602,72,51,123,30,24,18,60,54,39,87,123,189,294,339,492,618,774,1044,1605,2430,2436,1959,720,147,123,15,6,3,3,6,3,3,6,6,0,3,9,0,6,15,12,15,12,6,9,9,15,9,9,6,12,6,6,9,12,18,24,18,21,21,30,18,27,27,39,33,33,39,45,48,60,57,63,63,69,57,72,66,75,81,102,99,102,108,111,114,117,138,138,174,132,147,171,147,171,174,195,237,267,261,291,354,321,381,438,453,483,525,531,510,474,468,510,471,504,468,393,348,246,213,174,156,96,81,144,82.0
2006,13923,87,87,171,33,24,24,138,129,120,138,177,249,375,483,726,927,1197,1545,2124,2298,1818,957,228,36,174,12,6,6,9,6,3,6,0,9,3,6,6,6,3,15,24,27,33,39,33,24,27,24,18,24,30,21,24,21,24,27,33,30,30,30,36,39,39,33,42,48,51,48,60,63,69,72,78,90,84,102,96,99,102,132,141,144,156,153,171,150,192,195,219,231,249,228,249,240,243,300,312,363,330,357,411,441,444,468,480,471,450,447,453,447,402,357,309,306,267,234,189,162,102,75,60,36,30,27,36,76.3,14322,69,57,126,27,12,18,60,48,48,69,120,192,285,369,516,609,822,1137,1707,2334,2667,2142,849,165,126,9,6,9,3,3,0,3,3,3,3,3,6,0,3,9,12,15,15,12,15,6,9,9,9,12,15,6,12,6,15,9,18,12,15,21,21,24,33,21,33,27,42,42,51,51,51,57,69,57,66,69,81,72,84,81,90,99,129,114,126,96,147,105,138,150,129,180,171,192,186,177,225,261,288,282,306,327,375,420,399,453,465,492,525,585,570,486,519,504,528,453,429,399,333,261,219,174,111,81,165,82.3
2007,14277,87,84,174,42,24,27,120,150,117,144,204,252,408,519,705,918,1203,1575,2151,2445,1836,963,258,39,174,18,12,9,3,9,3,3,3,9,3,6,3,6,9,18,12,27,39,21,39,36,33,24,18,21,24,30,18,24,24,21,30,30,39,39,39,45,39,45,51,39,42,60,63,81,63,78,102,81,84,102,108,117,111,129,111,150,135,180,180,183,174,195,183,234,219,234,258,258,297,300,282,351,345,351,435,420,450,498,480,525,498,462,477,435,420,387,306,285,291,222,192,150,111,81,72,45,39,24,39,76.5,14247,81,60,144,39,15,24,66,54,45,81,132,210,240,354,522,618,882,1080,1602,2292,2754,2103,819,168,141,15,12,9,6,0,3,6,0,3,6,3,6,6,3,15,15,18,12,9,15,6,18,12,9,9,12,3,6,9,9,18,15,12,24,24,21,27,33,24,33,33,33,51,60,42,45,39,60,54,60,66,81,69,72,96,111,114,102,99,114,99,138,126,144,159,165,180,183,195,174,192,222,234,258,276,315,303,345,363,372,411,495,507,510,579,603,597,483,492,519,471,414,375,324,270,186,168,120,75,168,82.5
2008,14535,117,78,198,45,18,33,132,153,120,123,189,249,366,477,711,978,1260,1506,2148,2529,2040,978,249,39,198,27,9,6,3,6,3,6,0,3,6,3,6,9,12,12,27,27,24,36,33,27,36,33,21,30,27,18,24,18,21,18,33,24,27,33,39,33,36,48,27,54,54,60,51,78,66,54,81,84,81,90,96,114,90,135,135,129,147,165,186,198,213,174,207,228,243,258,255,270,273,282,306,306,342,381,402,399,462,504,498,525,498,531,480,468,501,408,345,315,258,267,186,153,123,99,69,39,21,21,39,76.8,14655,69,57,126,36,18,18,66,54,54,63,132,177,240,345,567,684,858,1146,1611,2367,2847,2151,918,171,126,18,9,3,3,3,3,3,3,6,3,0,3,3,9,15,12,9,18,18,18,12,9,3,12,9,6,12,9,15,12,9,12,12,18,21,27,24,24,39,33,33,30,42,39,39,60,51,42,48,51,78,69,75,66,84,108,111,117,144,123,141,153,132,138,141,153,198,186,180,204,225,231,237,255,255,270,339,357,384,399,429,477,516,546,525,633,603,588,498,507,492,390,414,348,291,237,168,132,90,171,82.6
2009,14478,93,75,168,36,12,27,132,153,108,162,174,252,369,528,654,990,1248,1533,2055,2442,2070,1014,318,33,171,18,6,6,3,0,0,3,6,3,3,0,3,3,15,15,21,39,30,30,27,39,30,27,30,21,18,18,24,27,24,30,42,27,36,27,27,36,39,42,33,36,54,57,75,75,75,75,63,81,84,123,114,90,117,108,126,135,141,144,174,228,189,183,213,234,219,240,276,282,291,300,297,309,336,339,378,405,462,465,468,474,483,525,495,486,435,414,408,324,261,228,219,171,135,111,87,48,39,30,36,76.9,14484,84,57,138,33,21,27,54,45,66,63,117,183,291,408,462,681,870,1125,1470,2352,2895,2136,864,186,138,15,9,9,3,3,6,6,3,3,3,6,6,6,6,9,18,12,9,6,12,9,6,9,3,12,15,15,12,15,12,9,15,15,9,15,18,24,30,27,30,33,45,33,48,51,54,66,57,66,75,75,81,84,96,66,87,93,105,108,114,144,153,123,144,132,156,180,192,207,213,204,225,216,267,246,264,282,342,333,390,432,483,516,531,537,585,564,594,615,495,474,447,405,312,267,222,177,111,87,189,82.8
2010,14223,117,66,186,36,12,24,117,141,96,99,177,240,399,519,711,936,1197,1485,1896,2469,2085,1044,318,39,183,9,12,6,6,3,3,0,3,0,3,3,3,3,6,12,18,24,39,24,30,36,30,33,6,18,24,18,18,18,21,21,21,15,21,18,27,45,33,51,36,48,48,42,63,63,75,75,96,84,105,87,105,108,117,141,132,144,165,135,150,159,198,216,207,204,207,228,261,297,261,291,303,297,333,360,363,384,369,423,444,480,558,492,495,492,444,417,375,357,315,225,192,171,138,96,81,69,48,24,36,77.0,14214,87,54,141,30,6,18,51,51,57,75,108,189,285,369,462,684,855,1095,1455,2271,2835,2124,894,165,138,15,9,3,0,3,0,0,0,3,3,3,3,6,6,6,9,9,18,9,12,18,6,6,6,9,12,18,9,9,15,9,18,18,15,15,18,27,21,27,39,30,45,39,36,39,63,45,63,75,84,57,72,75,81,90,102,78,87,102,138,129,150,132,132,165,141,186,186,177,210,189,219,222,258,243,252,285,321,351,411,393,429,492,543,540,555,555,576,609,552,429,408,372,360,297,213,162,144,81,162,82.9
2011,14823,93,78,168,36,6,27,126,147,111,123,147,258,342,498,738,981,1233,1584,1971,2502,2286,1173,327,39,168,18,12,3,3,0,3,3,0,0,3,3,9,6,6,12,21,30,27,33,33,36,24,33,21,24,24,27,21,21,27,30,21,24,24,30,27,27,33,33,51,60,39,48,66,60,54,66,84,78,87,102,105,96,108,135,141,123,159,183,165,174,207,234,204,219,258,240,225,291,315,321,288,351,306,315,354,426,447,429,480,477,483,513,546,507,453,453,465,408,336,312,213,171,144,129,78,57,45,18,39,77.5,15258,72,51,120,18,9,15,48,78,66,81,117,180,270,366,492,726,945,1167,1512,2349,3051,2457,999,189,120,9,3,0,3,3,3,0,0,3,3,3,3,6,3,6,6,15,12,12,21,18,12,15,12,15,15,9,9,15,18,15,21,15,12,15,18,27,24,33,33,33,30,42,42,42,51,42,60,69,69,69,75,78,78,87,99,99,114,90,111,126,144,156,192,168,192,201,180,201,219,240,219,231,255,276,276,273,330,360,414,438,480,525,492,585,630,594,600,639,615,576,465,423,375,312,237,201,141,108,192,83.2
2012,15057,84,60,144,33,18,30,117,135,120,93,147,237,369,531,675,963,1290,1659,1905,2541,2415,1251,351,33,141,15,6,6,3,3,3,3,0,6,6,6,3,6,9,18,21,21,24,33,33,27,21,27,24,27,27,21,24,18,15,18,18,21,24,24,30,18,42,36,39,48,48,54,48,63,60,72,81,90,90,96,105,111,126,123,126,129,150,150,165,192,186,192,225,237,255,240,282,282,297,333,357,312,357,345,375,399,381,405,462,489,513,540,534,495,525,507,498,390,354,327,249,189,129,126,96,57,42,33,33,77.6,15042,75,39,114,30,12,18,54,54,36,78,87,180,297,405,456,669,864,1164,1524,2256,3006,2484,1062,189,114,12,12,3,3,3,0,3,0,6,0,3,6,6,6,6,9,18,18,6,18,9,9,9,9,9,6,6,6,6,9,18,12,21,15,15,12,15,18,24,24,39,39,39,39,33,57,60,60,87,69,84,93,66,93,69,87,84,108,108,114,138,108,144,165,177,168,171,174,177,228,225,225,237,249,285,300,312,300,333,384,405,471,462,531,579,585,624,609,609,603,588,537,396,357,312,252,195,165,138,189,83.5
2013,14931,87,57,147,24,12,15,102,126,102,93,144,228,360,534,717,936,1278,1668,1905,2457,2460,1215,342,63,147,12,6,0,3,0,3,3,0,3,3,6,0,0,0,15,15,18,27,30,30,27,30,21,21,27,15,18,21,18,21,21,15,21,18,27,33,21,27,36,42,45,54,45,45,66,72,66,84,78,99,87,99,117,135,117,135,150,153,162,153,168,192,219,204,261,243,252,243,276,276,354,318,360,360,348,363,354,435,408,459,468,498,528,501,552,513,489,510,396,363,315,240,177,123,108,96,66,42,33,66,77.8,14640,72,39,114,27,12,18,48,45,39,66,96,168,258,435,486,708,906,1140,1536,2145,2877,2334,993,189,114,12,9,6,6,6,3,0,3,0,3,3,3,3,6,9,9,9,9,12,3,12,12,12,6,9,9,6,9,9,9,15,18,12,9,12,18,18,18,30,21,30,30,42,45,42,51,48,48,66,75,72,96,96,96,99,93,69,108,117,114,105,150,159,177,156,183,189,186,195,198,243,234,210,255,261,273,294,345,357,387,357,432,480,486,579,546,528,603,621,546,513,510,459,309,282,267,177,147,117,189,83.1
2014,15654,126,57,180,30,27,15,90,120,102,111,150,219,342,564,705,951,1392,1656,1986,2508,2541,1509,411,48,183,12,6,9,6,6,3,9,3,3,3,3,0,3,6,12,15,21,15,24,21,21,27,21,27,21,27,24,18,12,21,18,24,27,21,24,30,36,30,33,39,36,42,45,54,48,63,72,69,90,84,108,99,129,141,126,147,129,141,162,174,183,180,201,213,234,267,324,282,285,294,276,366,396,324,384,384,384,393,444,435,459,525,525,564,534,597,543,477,393,429,345,264,252,216,132,120,78,51,33,48,78.1,15408,111,36,144,24,9,12,33,39,51,54,78,168,240,414,549,717,915,1188,1611,2355,2958,2595,1050,201,147,15,3,3,3,0,3,3,3,3,0,0,3,6,3,3,3,12,12,6,6,9,9,6,9,12,6,21,0,9,6,6,12,15,12,9,12,24,18,15,30,33,27,39,42,45,42,48,54,54,75,72,84,90,90,93,99,108,123,132,120,123,132,171,165,174,177,189,189,189,222,225,252,234,255,288,300,324,321,378,393,426,513,486,534,561,564,627,600,600,621,567,522,471,411,285,267,210,171,114,201,83.2
2015,15801,81,48,129,30,18,24,96,132,117,111,126,213,339,516,723,990,1401,1761,2052,2454,2562,1554,408,57,129,12,6,3,6,6,3,0,3,6,3,6,3,6,6,12,6,15,27,33,21,27,24,21,39,27,18,27,21,24,18,21,24,27,21,27,27,18,24,27,33,39,48,42,51,63,60,63,84,69,87,96,96,114,123,132,147,135,159,153,180,183,195,213,219,240,288,285,300,282,300,342,315,399,405,405,423,426,399,393,462,453,474,522,540,513,549,537,501,462,423,363,297,255,216,162,87,69,51,36,54,77.8,15807,81,42,123,24,12,15,45,48,51,66,87,156,282,420,522,669,1014,1242,1686,2358,2940,2697,1113,231,123,9,6,3,6,3,3,3,3,0,0,3,3,3,6,15,6,9,9,6,9,3,9,12,12,12,9,12,15,9,12,9,12,15,18,12,21,21,21,15,27,18,36,30,42,54,48,60,66,54,69,75,96,87,99,99,102,111,96,114,105,144,126,132,159,165,174,180,267,225,234,216,204,273,315,315,297,342,369,360,378,432,501,492,558,573,585,594,576,612,633,585,519,504,456,348,258,213,180,117,231,83.3
2016,15789,66,48,111,27,21,21,87,117,132,123,135,222,339,549,801,990,1419,1626,2058,2412,2559,1572,432,51,111,12,6,6,3,9,3,6,3,3,0,0,3,3,9,9,12,21,21,21,18,30,21,33,18,33,30,21,24,24,21,33,27,21,24,33,36,24,21,24,39,36,39,54,57,54,51,84,72,81,87,111,93,114,138,153,162,141,168,174,168,180,222,207,216,264,252,276,291,339,300,267,321,327,408,390,381,426,435,426,462,486,450,474,537,582,504,558,465,450,459,348,300,243,222,171,102,78,45,36,48,78.0,15390,69,33,102,12,18,12,39,51,57,72,84,162,255,408,558,687,981,1182,1620,2178,2946,2583,1155,234,99,3,6,0,0,3,3,3,3,6,0,3,3,3,6,3,6,9,6,9,12,12,6,9,15,9,15,15,6,18,18,12,15,12,15,12,18,21,18,18,27,21,36,39,39,48,42,54,51,60,75,66,66,99,102,114,108,105,117,117,135,135,129,132,159,144,162,216,213,246,201,216,249,237,276,300,291,342,333,357,393,387,432,465,501,564,573,591,618,606,606,585,552,441,399,375,333,162,156,129,234,83.4
2017,16848,78,45,120,27,15,21,81,141,159,138,156,234,369,549,768,1077,1422,1758,2280,2538,2745,1671,501,75,123,15,3,6,6,6,0,3,6,3,6,0,3,6,6,9,9,15,24,27,30,30,24,24,36,36,33,33,27,30,24,24,33,24,27,27,27,30,36,33,39,39,45,51,60,69,57,66,84,96,84,87,105,132,141,129,129,147,165,195,201,216,201,234,231,246,246,294,306,330,357,309,351,378,363,420,477,456,459,474,495,489,492,504,555,567,627,534,492,522,429,381,342,294,225,180,135,93,51,39,75,78.1,16494,66,42,108,18,15,12,48,63,60,78,108,117,261,396,579,747,1029,1368,1845,2328,3132,2745,1230,207,108,12,0,3,0,3,3,3,3,3,0,0,0,3,3,12,3,12,9,12,12,15,15,9,12,12,12,18,12,6,15,15,12,18,18,24,15,18,27,21,18,15,21,33,30,48,54,57,57,48,63,78,84,93,84,108,123,120,126,108,126,126,159,168,168,174,201,189,228,240,249,249,267,288,318,318,378,369,384,402,408,459,453,489,519,582,591,648,666,642,651,585,567,495,450,390,348,213,159,120,210,83.2
2018,16983,69,45,117,27,15,21,96,138,135,147,147,225,336,540,858,1080,1386,1845,2247,2610,2673,1809,486,48,114,12,3,6,3,3,3,3,3,6,0,3,6,6,3,15,15,18,24,24,21,27,30,24,36,27,27,39,21,24,33,33,27,24,33,33,30,30,30,27,45,36,39,54,51,57,57,60,84,78,96,105,108,105,129,150,159,159,180,213,183,183,234,225,252,225,279,285,273,324,357,396,375,357,357,369,420,465,513,477,486,528,528,546,522,501,525,600,528,516,489,432,351,285,249,177,126,99,54,27,48,78.2,16239,69,36,105,27,12,24,42,54,69,81,111,144,240,396,585,753,1017,1356,1752,2265,2961,2784,1197,261,105,12,9,0,6,0,3,3,3,3,3,3,6,3,6,9,9,9,9,6,9,12,12,12,9,12,12,12,21,12,6,21,15,18,21,15,21,24,27,27,21,18,30,36,36,36,42,54,54,57,69,69,87,78,93,108,99,111,126,144,135,126,141,189,165,171,177,204,228,240,228,285,270,291,279,291,327,369,381,387,435,435,447,444,501,516,594,615,630,612,648,603,546,558,429,363,351,216,165,99,258,83.1
2019,17583,87,57,144,30,15,30,87,150,153,174,183,207,366,588,867,1062,1452,1974,2337,2565,2805,1785,552,54,144,15,9,6,3,3,6,3,3,3,6,3,3,9,6,6,21,15,21,21,21,27,36,36,33,39,27,18,33,36,33,30,27,42,39,30,30,42,45,36,45,33,42,42,42,69,66,78,81,72,96,99,117,120,153,141,168,186,159,213,213,189,213,207,240,276,291,282,282,318,354,357,435,405,423,426,402,477,513,516,468,531,528,504,531,567,558,582,603,498,483,423,354,297,228,183,129,120,60,60,54,78.0,16677,84,42,126,24,12,24,45,54,60,87,84,159,282,399,564,756,1017,1395,1773,2316,3084,2814,1338,267,126,12,6,3,6,3,3,0,3,3,0,3,6,6,6,9,9,9,6,12,6,12,18,12,6,9,12,12,12,15,18,18,12,18,18,15,15,12,21,15,30,30,36,36,27,51,54,48,60,66,75,72,81,81,93,102,96,126,123,117,135,138,138,162,183,165,225,183,204,240,228,264,315,288,297,309,336,318,408,402,438,429,465,480,507,525,612,621,672,651,639,600,567,534,474,375,351,288,195,126,267,83.3
2020,16905,87,48,132,18,21,27,78,111,141,129,159,219,369,525,768,1071,1404,1905,2331,2589,2523,1770,537,72,132,6,9,0,3,3,3,3,6,6,3,3,3,6,12,12,15,12,15,24,18,30,18,27,18,24,33,27,36,24,27,30,27,27,21,27,30,45,27,30,33,45,33,45,63,54,57,87,87,84,84,96,108,96,138,117,159,159,168,165,198,213,201,222,237,237,255,309,294,312,348,381,381,390,408,414,411,462,519,525,549,504,492,540,507,525,498,525,492,483,426,438,351,312,246,174,141,102,72,48,72,78.2,15708,63,27,93,18,3,18,48,60,63,72,99,135,228,393,624,735,1011,1362,1686,2244,2760,2541,1263,249,93,12,3,3,3,3,3,0,0,0,6,3,3,3,3,3,15,12,6,12,12,15,9,12,12,15,6,9,12,18,15,9,15,18,15,27,21,15,15,21,18,27,27,30,30,33,36,54,51,57,78,69,81,87,75,90,123,123,114,177,132,153,159,132,159,171,195,201,204,240,237,264,279,306,273,300,288,339,393,366,435,402,414,519,471,471,549,552,567,618,597,552,516,477,402,399,306,234,177,144,249,82.9
2021,18000,102,63,165,15,12,24,81,123,132,177,177,234,321,570,831,1092,1479,2004,2373,2769,2757,1935,651,84,165,9,0,6,3,6,3,0,0,3,3,3,0,6,6,9,6,15,18,27,21,24,21,27,30,24,27,15,30,36,39,33,33,36,36,24,39,42,36,33,39,48,48,54,42,51,63,69,63,78,90,96,114,123,147,135,150,168,183,192,195,210,219,234,234,264,300,264,318,333,342,366,390,432,474,486,405,501,468,513,540,558,543,564,558,597,531,531,558,540,513,429,378,345,267,228,162,117,96,51,84,78.4,16929,72,33,108,30,12,21,51,54,60,63,105,153,222,399,567,828,1011,1479,1830,2550,2901,2835,1383,264,108,12,9,6,6,3,0,3,3,3,0,3,3,6,9,9,9,12,9,12,15,12,12,9,9,15,9,15,12,9,12,15,12,12,15,21,21,24,24,18,21,33,33,33,36,39,39,54,36,57,60,63,87,93,93,96,93,138,105,132,141,156,168,177,183,189,180,210,204,225,240,297,315,294,333,327,363,372,357,411,450,522,519,546,510,543,582,561,615,597,630,645,585,528,447,438,327,252,210,153,264,82.9
2022,19764,69,51,120,24,9,21,69,114,144,180,174,228,351,588,909,1248,1566,2160,2709,3084,3030,2223,723,87,120,9,9,3,6,3,3,3,0,6,3,3,3,3,6,3,9,15,18,24,24,24,24,30,15,33,36,24,21,33,48,33,33,39,27,36,24,45,33,39,39,39,30,57,60,60,60,63,72,96,117,114,129,105,126,144,162,183,201,219,234,201,231,282,297,276,315,294,330,348,375,384,438,462,504,558,531,546,513,564,603,636,621,600,624,630,585,615,600,597,582,498,453,363,333,243,177,144,84,78,87,78.7,18810,48,39,84,18,12,15,42,63,72,78,111,147,258,405,600,900,1155,1518,2109,2907,3201,3147,1593,372,87,9,6,6,0,0,0,3,3,3,3,0,3,6,6,3,6,12,15,3,15,6,18,9,15,9,12,12,21,15,15,15,15,15,18,24,21,21,21,27,18,21,30,42,36,42,36,57,63,63,66,75,75,99,90,96,117,132,126,129,153,177,180,198,192,192,216,240,246,258,234,303,306,318,354,456,420,405,453,381,543,585,600,597,579,606,645,600,654,696,666,720,651,597,519,489,381,309,240,171,372,83.1
2023,19602,63,42,105,27,9,21,96,138,147,183,186,252,345,537,855,1233,1563,2106,2730,3189,2898,2166,723,96,105,12,6,6,3,3,0,3,3,0,6,3,3,3,6,9,15,21,27,24,27,24,24,24,42,36,18,33,24,36,33,36,42,36,39,36,42,42,24,39,45,60,54,48,48,51,75,63,81,78,90,90,105,111,144,144,147,159,180,222,216,234,213,267,300,246,315,291,333,375,369,369,423,456,489,534,570,522,564,543,507,633,720,684,645,603,615,549,609,522,525,480,441,393,327,240,183,138,96,66,96,78.7,18282,69,30,96,24,9,15,48,48,72,84,111,171,237,402,600,906,1158,1500,2175,2808,3138,2976,1422,285,96,9,3,6,6,0,3,3,3,0,3,3,6,0,0,9,6,9,12,12,6,9,9,12,12,15,15,15,12,15,12,18,15,21,18,21,21,24,18,24,24,39,30,36,39,45,36,45,42,69,69,60,93,96,81,123,102,102,123,147,141,171,174,198,225,201,195,246,261,252,285,285,276,321,339,441,426,402,444,459,498,534,597,591,585,606,612,624,645,651,660,642,609,585,480,411,336,285,231,156,285,82.8
"Table information:"
"Units:"
"Total all ages: Number, Magnitude = Units"
"Neonatal: Number, Magnitude = Units"
"Post-neonatal: Number, Magnitude = Units"
"Infant: Number, Magnitude = Units"
"1-4 years: Number, Magnitude = Units"
"5-9 years: Number, Magnitude = Units"
"10-14 years: Number, Magnitude = Units"
"15-19 years: Number, Magnitude = Units"
"20-24 years: Number, Magnitude = Units"
"25-29 years: Number, Magnitude = Units"
"30-34 years: Number, Magnitude = Units"
"35-39 years: Number, Magnitude = Units"
"40-44 years: Number, Magnitude = Units"
"45-49 years: Number, Magnitude = Units"
"50-54 years: Number, Magnitude = Units"
"55-59 years: Number, Magnitude = Units"
"60-64 years: Number, Magnitude = Units"
"65-69 years: Number, Magnitude = Units"
"70-74 years: Number, Magnitude = Units"
"75-79 years: Number, Magnitude = Units"
"80-84 years: Number, Magnitude = Units"
"85-89 years: Number, Magnitude = Units"
"90-94 years: Number, Magnitude = Units"
"95-99 years: Number, Magnitude = Units"
"100 years and over: Number, Magnitude = Units"
"Less than 1 year: Number, Magnitude = Units"
"1 year: Number, Magnitude = Units"
"2 years: Number, Magnitude = Units"
"3 years: Number, Magnitude = Units"
"4 years: Number, Magnitude = Units"
"5 years: Number, Magnitude = Units"
"6 years: Number, Magnitude = Units"
"7 years: Number, Magnitude = Units"
"8 years: Number, Magnitude = Units"
"9 years: Number, Magnitude = Units"
"10 years: Number, Magnitude = Units"
"11 years: Number, Magnitude = Units"
"12 years: Number, Magnitude = Units"
"13 years: Number, Magnitude = Units"
"14 years: Number, Magnitude = Units"
"15 years: Number, Magnitude = Units"
"16 years: Number, Magnitude = Units"
"17 years: Number, Magnitude = Units"
"18 years: Number, Magnitude = Units"
"19 years: Number, Magnitude = Units"
"20 years: Number, Magnitude = Units"
"21 years: Number, Magnitude = Units"
"22 years: Number, Magnitude = Units"
"23 years: Number, Magnitude = Units"
"24 years: Number, Magnitude = Units"
"25 years: Number, Magnitude = Units"
"26 years: Number, Magnitude = Units"
"27 years: Number, Magnitude = Units"
"28 years: Number, Magnitude = Units"
"29 years: Number, Magnitude = Units"
"30 years: Number, Magnitude = Units"
"31 years: Number, Magnitude = Units"
"32 years: Number, Magnitude = Units"
"33 years: Number, Magnitude = Units"
"34 years: Number, Magnitude = Units"
"35 years: Number, Magnitude = Units"
"36 years: Number, Magnitude = Units"
"37 years: Number, Magnitude = Units"
"38 years: Number, Magnitude = Units"
"39 years: Number, Magnitude = Units"
"40 years: Number, Magnitude = Units"
"41 years: Number, Magnitude = Units"
"42 years: Number, Magnitude = Units"
"43 years: Number, Magnitude = Units"
"44 years: Number, Magnitude = Units"
"45 years: Number, Magnitude = Units"
"46 years: Number, Magnitude = Units"
"47 years: Number, Magnitude = Units"
"48 years: Number, Magnitude = Units"
"49 years: Number, Magnitude = Units"
"50 years: Number, Magnitude = Units"
"51 years: Number, Magnitude = Units"
"52 years: Number, Magnitude = Units"
"53 years: Number, Magnitude = Units"
"54 years: Number, Magnitude = Units"
"55 years: Number, Magnitude = Units"
"56 years: Number, Magnitude = Units"
"57 years: Number, Magnitude = Units"
"58 years: Number, Magnitude = Units"
"59 years: Number, Magnitude = Units"
"60 years: Number, Magnitude = Units"
"61 years: Number, Magnitude = Units"
"62 years: Number, Magnitude = Units"
"63 years: Number, Magnitude = Units"
"64 years: Number, Magnitude = Units"
"65 years: Number, Magnitude = Units"
"66 years: Number, Magnitude = Units"
"67 years: Number, Magnitude = Units"
"68 years: Number, Magnitude = Units"
"69 years: Number, Magnitude = Units"
"70 years: Number, Magnitude = Units"
"71 years: Number, Magnitude = Units"
"72 years: Number, Magnitude = Units"
"73 years: Number, Magnitude = Units"
"74 years: Number, Magnitude = Units"
"75 years: Number, Magnitude = Units"
"76 years: Number, Magnitude = Units"
"77 years: Number, Magnitude = Units"
"78 years: Number, Magnitude = Units"
"79 years: Number, Magnitude = Units"
"80 years: Number, Magnitude = Units"
"81 years: Number, Magnitude = Units"
"82 years: Number, Magnitude = Units"
"83 years: Number, Magnitude = Units"
"84 years: Number, Magnitude = Units"
"85 years: Number, Magnitude = Units"
"86 years: Number, Magnitude = Units"
"87 years: Number, Magnitude = Units"
"88 years: Number, Magnitude = Units"
"89 years: Number, Magnitude = Units"
"90 years: Number, Magnitude = Units"
"91 years: Number, Magnitude = Units"
"92 years: Number, Magnitude = Units"
"93 years: Number, Magnitude = Units"
"94 years: Number, Magnitude = Units"
"95 years: Number, Magnitude = Units"
"96 years: Number, Magnitude = Units"
"97 years: Number, Magnitude = Units"
"98 years: Number, Magnitude = Units"
"99 years: Number, Magnitude = Units"
"100 years and over: Number, Magnitude = Units"
"Median age at death: Year, Magnitude = Units"
""
"Footnotes:"
"Neonatal deaths are deaths of children under four weeks of age. Post-neonatal deaths are deaths of children from four weeks up to one year of age. Infant deaths are deaths of children under one year of age."
"Births and deaths data are based on date of registration (not date of occurrence). Data before 1991 includes New Zealand residents and overseas visitors. Data from 1991 includes New Zealand residents only."
"Data has been randomly rounded to protect confidentiality. Individual figures may not add up to totals, and values for the same data may vary in different tables."
" "
"Symbols:"
".. figure not available"
"C: Confidential"
"E: Early Estimate"
"P: Provisional"
"R: Revised"
"S: Suppressed"
""
"Status flags are not displayed"
""
"Table reference: "
"VSD004AA"
""
"Last updated:"
"Total all ages: 19 February 2024 10:45am"
"Neonatal: 19 February 2024 10:45am"
"Post-neonatal: 19 February 2024 10:45am"
"Infant: 19 February 2024 10:45am"
"1-4 years: 19 February 2024 10:45am"
"5-9 years: 19 February 2024 10:45am"
"10-14 years: 19 February 2024 10:45am"
"15-19 years: 19 February 2024 10:45am"
"20-24 years: 19 February 2024 10:45am"
"25-29 years: 19 February 2024 10:45am"
"30-34 years: 19 February 2024 10:45am"
"35-39 years: 19 February 2024 10:45am"
"40-44 years: 19 February 2024 10:45am"
"45-49 years: 19 February 2024 10:45am"
"50-54 years: 19 February 2024 10:45am"
"55-59 years: 19 February 2024 10:45am"
"60-64 years: 19 February 2024 10:45am"
"65-69 years: 19 February 2024 10:45am"
"70-74 years: 19 February 2024 10:45am"
"75-79 years: 19 February 2024 10:45am"
"80-84 years: 19 February 2024 10:45am"
"85-89 years: 19 February 2024 10:45am"
"90-94 years: 19 February 2024 10:45am"
"95-99 years: 19 February 2024 10:45am"
"100 years and over: 19 February 2024 10:45am"
"Less than 1 year: 19 February 2024 10:45am"
"1 year: 19 February 2024 10:45am"
"2 years: 19 February 2024 10:45am"
"3 years: 19 February 2024 10:45am"
"4 years: 19 February 2024 10:45am"
"5 years: 19 February 2024 10:45am"
"6 years: 19 February 2024 10:45am"
"7 years: 19 February 2024 10:45am"
"8 years: 19 February 2024 10:45am"
"9 years: 19 February 2024 10:45am"
"10 years: 19 February 2024 10:45am"
"11 years: 19 February 2024 10:45am"
"12 years: 19 February 2024 10:45am"
"13 years: 19 February 2024 10:45am"
"14 years: 19 February 2024 10:45am"
"15 years: 19 February 2024 10:45am"
"16 years: 19 February 2024 10:45am"
"17 years: 19 February 2024 10:45am"
"18 years: 19 February 2024 10:45am"
"19 years: 19 February 2024 10:45am"
"20 years: 19 February 2024 10:45am"
"21 years: 19 February 2024 10:45am"
"22 years: 19 February 2024 10:45am"
"23 years: 19 February 2024 10:45am"
"24 years: 19 February 2024 10:45am"
"25 years: 19 February 2024 10:45am"
"26 years: 19 February 2024 10:45am"
"27 years: 19 February 2024 10:45am"
"28 years: 19 February 2024 10:45am"
"29 years: 19 February 2024 10:45am"
"30 years: 19 February 2024 10:45am"
"31 years: 19 February 2024 10:45am"
"32 years: 19 February 2024 10:45am"
"33 years: 19 February 2024 10:45am"
"34 years: 19 February 2024 10:45am"
"35 years: 19 February 2024 10:45am"
"36 years: 19 February 2024 10:45am"
"37 years: 19 February 2024 10:45am"
"38 years: 19 February 2024 10:45am"
"39 years: 19 February 2024 10:45am"
"40 years: 19 February 2024 10:45am"
"41 years: 19 February 2024 10:45am"
"42 years: 19 February 2024 10:45am"
"43 years: 19 February 2024 10:45am"
"44 years: 19 February 2024 10:45am"
"45 years: 19 February 2024 10:45am"
"46 years: 19 February 2024 10:45am"
"47 years: 19 February 2024 10:45am"
"48 years: 19 February 2024 10:45am"
"49 years: 19 February 2024 10:45am"
"50 years: 19 February 2024 10:45am"
"51 years: 19 February 2024 10:45am"
"52 years: 19 February 2024 10:45am"
"53 years: 19 February 2024 10:45am"
"54 years: 19 February 2024 10:45am"
"55 years: 19 February 2024 10:45am"
"56 years: 19 February 2024 10:45am"
"57 years: 19 February 2024 10:45am"
"58 years: 19 February 2024 10:45am"
"59 years: 19 February 2024 10:45am"
"60 years: 19 February 2024 10:45am"
"61 years: 19 February 2024 10:45am"
"62 years: 19 February 2024 10:45am"
"63 years: 19 February 2024 10:45am"
"64 years: 19 February 2024 10:45am"
"65 years: 19 February 2024 10:45am"
"66 years: 19 February 2024 10:45am"
"67 years: 19 February 2024 10:45am"
"68 years: 19 February 2024 10:45am"
"69 years: 19 February 2024 10:45am"
"70 years: 19 February 2024 10:45am"
"71 years: 19 February 2024 10:45am"
"72 years: 19 February 2024 10:45am"
"73 years: 19 February 2024 10:45am"
"74 years: 19 February 2024 10:45am"
"75 years: 19 February 2024 10:45am"
"76 years: 19 February 2024 10:45am"
"77 years: 19 February 2024 10:45am"
"78 years: 19 February 2024 10:45am"
"79 years: 19 February 2024 10:45am"
"80 years: 19 February 2024 10:45am"
"81 years: 19 February 2024 10:45am"
"82 years: 19 February 2024 10:45am"
"83 years: 19 February 2024 10:45am"
"84 years: 19 February 2024 10:45am"
"85 years: 19 February 2024 10:45am"
"86 years: 19 February 2024 10:45am"
"87 years: 19 February 2024 10:45am"
"88 years: 19 February 2024 10:45am"
"89 years: 19 February 2024 10:45am"
"90 years: 19 February 2024 10:45am"
"91 years: 19 February 2024 10:45am"
"92 years: 19 February 2024 10:45am"
"93 years: 19 February 2024 10:45am"
"94 years: 19 February 2024 10:45am"
"95 years: 19 February 2024 10:45am"
"96 years: 19 February 2024 10:45am"
"97 years: 19 February 2024 10:45am"
"98 years: 19 February 2024 10:45am"
"99 years: 19 February 2024 10:45am"
"100 years and over: 19 February 2024 10:45am"
"Median age at death: 19 February 2024 10:45am"
""
"Source: Statistics New Zealand"
"Contact: Information Centre"
"Telephone: 0508 525 525"
"Email:info@stats.govt.nz"
""
""
""
